Date,active_cases,total_deaths,total_cases,daily_deaths,daily_cases,OnceInjectedByDay,TwiceInjectedByDay,OnceInjectedByTime,TwiceInjectedByTime
15-Feb-20,0,0,0,0,0,,,,
16-Feb-20,9,0,16,0,0,,,,
17-Feb-20,9,0,16,0,0,,,,
18-Feb-20,9,0,16,0,0,,,,
19-Feb-20,2,0,16,0,0,,,,
20-Feb-20,2,0,16,0,0,,,,
21-Feb-20,1,0,16,0,0,,,,
22-Feb-20,1,0,16,0,0,,,,
23-Feb-20,1,0,16,0,0,,,,
24-Feb-20,1,0,16,0,0,,,,
25-Feb-20,0,0,16,0,0,,,,
26-Feb-20,0,0,16,0,0,,,,
27-Feb-20,0,0,16,0,0,,,,
28-Feb-20,0,0,16,0,0,,,,
29-Feb-20,0,0,16,0,0,,,,
1-Mar-20,0,0,16,0,0,,,,
2-Mar-20,0,0,16,0,0,,,,
3-Mar-20,0,0,16,0,0,,,,
4-Mar-20,0,0,16,0,0,,,,
5-Mar-20,0,0,16,0,0,,,,
6-Mar-20,1,0,17,0,1,,,,
7-Mar-20,4,0,20,0,3,,,,
8-Mar-20,15,0,31,0,11,,,,
9-Mar-20,16,0,32,0,1,,,,
10-Mar-20,19,0,35,0,3,,,,
11-Mar-20,24,0,40,0,5,,,,
12-Mar-20,29,0,45,0,5,,,,
13-Mar-20,29,0,45,0,0,,,,
14-Mar-20,38,0,54,0,9,,,,
15-Mar-20,42,0,58,0,4,,,,
16-Mar-20,46,0,62,0,4,,,,
17-Mar-20,51,0,67,0,5,,,,
18-Mar-20,62,0,78,0,11,,,,
19-Mar-20,71,0,87,0,9,,,,
20-Mar-20,76,0,93,0,6,,,,
21-Mar-20,79,0,96,0,3,,,,
22-Mar-20,102,0,119,0,23,,,,
23-Mar-20,113,0,130,0,11,,,,
24-Mar-20,125,0,142,0,12,,,,
25-Mar-20,142,0,159,0,17,,,,
26-Mar-20,144,0,164,0,5,,,,
27-Mar-20,155,0,175,0,11,,,,
28-Mar-20,166,0,187,0,12,,,,
29-Mar-20,187,0,212,0,25,,,,
30-Mar-20,168,0,223,0,11,,,,
31-Mar-20,173,0,231,0,8,,,,
1-Apr-20,174,0,237,0,6,,,,
2-Apr-20,180,0,255,0,18,,,,
3-Apr-20,176,0,261,0,6,,,,
4-Apr-20,172,0,262,0,1,,,,
5-Apr-20,173,0,263,0,1,,,,
6-Apr-20,172,0,267,0,4,,,,
7-Apr-20,150,0,273,0,6,,,,
8-Apr-20,147,0,273,0,0,,,,
9-Apr-20,149,0,277,0,4,,,,
10-Apr-20,135,0,279,0,2,,,,
11-Apr-20,136,0,280,0,1,,,,
12-Apr-20,140,0,284,0,4,,,,
13-Apr-20,141,0,287,0,3,,,,
14-Apr-20,119,0,288,0,1,,,,
15-Apr-20,119,0,290,0,2,,,,
16-Apr-20,113,0,290,0,0,,,,
17-Apr-20,92,0,290,0,0,,,,
18-Apr-20,89,0,290,0,0,,,,
19-Apr-20,88,0,290,0,0,,,,
20-Apr-20,76,0,290,0,0,,,,
21-Apr-20,74,0,290,0,0,,,,
22-Apr-20,74,0,290,0,0,,,,
23-Apr-20,74,0,290,0,0,,,,
24-Apr-20,72,0,292,0,2,,,,
25-Apr-20,72,0,292,0,0,,,,
26-Apr-20,72,0,292,0,0,,,,
27-Apr-20,72,0,292,0,0,,,,
28-Apr-20,72,0,292,0,0,,,,
29-Apr-20,70,0,292,0,0,,,,
30-Apr-20,70,0,292,0,0,,,,
1-May-20,70,0,292,0,0,,,,
2-May-20,70,0,292,0,0,,,,
3-May-20,71,0,293,0,1,,,,
4-May-20,71,0,293,0,0,,,,
5-May-20,61,0,293,0,0,,,,
6-May-20,61,0,293,0,0,,,,
7-May-20,80,0,313,0,20,,,,
8-May-20,72,0,313,0,0,,,,
9-May-20,72,0,313,0,0,,,,
10-May-20,72,0,313,0,0,,,,
11-May-20,64,0,313,0,0,,,,
12-May-20,61,0,313,0,0,,,,
13-May-20,61,0,313,0,0,,,,
14-May-20,84,0,344,0,31,,,,
15-May-20,86,0,346,0,2,,,,
16-May-20,90,0,350,0,4,,,,
17-May-20,92,0,352,0,2,,,,
18-May-20,93,0,356,0,4,,,,
19-May-20,93,0,356,0,0,,,,
20-May-20,93,0,356,0,0,,,,
21-May-20,92,0,356,0,0,,,,
22-May-20,89,0,356,0,0,,,,
23-May-20,89,0,356,0,0,,,,
24-May-20,90,0,357,0,1,,,,
25-May-20,86,0,358,0,1,,,,
26-May-20,87,0,359,0,1,,,,
27-May-20,81,0,359,0,0,,,,
28-May-20,81,0,359,0,0,,,,
29-May-20,80,0,359,0,0,,,,
30-May-20,81,0,360,0,1,,,,
31-May-20,81,0,360,0,0,,,,
1-Jun-20,67,0,360,0,0,,,,
2-Jun-20,62,0,360,0,0,,,,
3-Jun-20,58,0,360,0,0,,,,
4-Jun-20,58,0,360,0,0,,,,
5-Jun-20,53,0,360,0,0,,,,
6-Jun-20,54,0,361,0,1,,,,
7-Jun-20,54,0,361,0,0,,,,
8-Jun-20,48,0,364,0,3,,,,
9-Jun-20,48,0,364,0,0,,,,
10-Jun-20,44,0,364,0,0,,,,
11-Jun-20,43,0,364,0,0,,,,
12-Jun-20,42,0,365,0,1,,,,
13-Jun-20,43,0,366,0,1,,,,
14-Jun-20,43,0,366,0,0,,,,
15-Jun-20,43,0,366,0,0,,,,
16-Jun-20,41,0,366,0,0,,,,
17-Jun-20,42,0,367,0,1,,,,
18-Jun-20,49,0,374,0,7,,,,
19-Jun-20,55,0,381,0,7,,,,
20-Jun-20,54,0,381,0,0,,,,
21-Jun-20,54,0,381,0,0,,,,
22-Jun-20,53,0,381,0,0,,,,
23-Jun-20,52,0,381,0,0,,,,
24-Jun-20,55,0,384,0,3,,,,
25-Jun-20,55,0,384,0,0,,,,
26-Jun-20,55,0,385,0,1,,,,
27-Jun-20,57,0,387,0,2,,,,
28-Jun-20,57,0,387,0,0,,,,
29-Jun-20,52,0,387,0,0,,,,
30-Jun-20,52,0,387,0,0,,,,
1-Jul-20,51,0,387,0,0,,,,
2-Jul-20,47,0,387,0,0,,,,
3-Jul-20,47,0,387,0,0,,,,
4-Jul-20,47,0,387,0,0,,,,
5-Jul-20,47,0,387,0,0,,,,
6-Jul-20,63,0,404,0,17,,,,
7-Jul-20,62,0,404,0,0,,,,
8-Jul-20,57,0,404,0,0,,,,
9-Jul-20,57,0,404,0,0,,,,
10-Jul-20,54,0,404,0,0,,,,
11-Jul-20,55,0,405,0,1,,,,
12-Jul-20,57,0,407,0,2,,,,
13-Jul-20,57,0,407,0,0,,,,
14-Jul-20,56,0,408,0,1,,,,
15-Jul-20,63,0,416,0,8,,,,
16-Jul-20,60,0,416,0,0,,,,
17-Jul-20,61,0,417,0,1,,,,
18-Jul-20,60,0,417,0,0,,,,
19-Jul-20,61,0,418,0,1,,,,
20-Jul-20,59,0,419,0,1,,,,
21-Jul-20,74,0,439,0,20,,,,
22-Jul-20,81,0,446,0,7,,,,
23-Jul-20,85,0,450,0,4,,,,
24-Jul-20,86,0,451,0,1,,,,
25-Jul-20,90,0,455,0,4,,,,
26-Jul-20,93,0,458,0,3,,,,
27-Jul-20,105,0,470,0,12,,,,
28-Jul-20,119,0,488,0,18,,,,
29-Jul-20,135,0,504,0,16,,,,
30-Jul-20,207,2,578,2,74,,,,
31-Jul-20,255,3,631,1,53,,,,
1-Aug-20,318,6,697,3,66,,,,
2-Aug-20,359,6,738,0,41,,,,
3-Aug-20,402,8,784,2,46,,,,
4-Aug-20,423,8,809,0,25,,,,
5-Aug-20,486,10,877,2,68,,,,
6-Aug-20,516,10,918,0,41,,,,
7-Aug-20,576,10,981,0,63,,,,
8-Aug-20,605,11,1011,1,30,,,,
9-Aug-20,641,15,1051,4,40,,,,
10-Aug-20,642,16,1057,1,6,,,,
11-Aug-20,664,17,1080,1,23,,,,
12-Aug-20,670,21,1100,4,20,,,,
13-Aug-20,692,22,1139,1,39,,,,
14-Aug-20,702,23,1162,1,23,,,,
15-Aug-20,717,24,1188,1,26,,,,
16-Aug-20,720,24,1200,0,12,,,,
17-Aug-20,734,25,1226,1,26,,,,
18-Aug-20,681,25,1232,0,6,,,,
19-Aug-20,679,25,1237,0,5,,,,
20-Aug-20,686,25,1253,0,16,,,,
21-Aug-20,684,26,1255,1,2,,,,
22-Aug-20,670,27,1260,1,5,,,,
23-Aug-20,672,27,1262,0,2,,,,
24-Aug-20,654,27,1268,0,6,,,,
25-Aug-20,654,29,1275,2,7,,,,
26-Aug-20,618,30,1280,1,5,,,,
27-Aug-20,615,30,1282,0,2,,,,
28-Aug-20,589,32,1284,2,2,,,,
29-Aug-20,577,32,1286,0,2,,,,
30-Aug-20,557,34,1286,2,0,,,,
31-Aug-20,549,34,1290,0,4,,,,
1-Sep-20,521,34,1290,0,0,,,,
2-Sep-20,511,35,1292,1,2,,,,
3-Sep-20,502,35,1292,0,0,,,,
4-Sep-20,488,35,1295,0,3,,,,
5-Sep-20,455,35,1295,0,0,,,,
6-Sep-20,445,35,1295,0,0,,,,
7-Sep-20,407,35,1295,0,0,,,,
8-Sep-20,397,35,1300,0,5,,,,
9-Sep-20,380,35,1305,0,5,,,,
10-Sep-20,377,35,1305,0,0,,,,
11-Sep-20,369,35,1306,0,1,,,,
12-Sep-20,361,35,1306,0,0,,,,
13-Sep-20,356,35,1309,0,3,,,,
14-Sep-20,348,35,1309,0,0,,,,
15-Sep-20,343,35,1309,0,0,,,,
16-Sep-20,338,35,1309,0,0,,,,
17-Sep-20,337,35,1312,0,3,,,,
18-Sep-20,338,35,1314,0,2,,,,
19-Sep-20,337,35,1314,0,0,,,,
20-Sep-20,337,35,1314,0,0,,,,
21-Sep-20,332,35,1314,0,0,,,,
22-Sep-20,322,35,1314,0,0,,,,
23-Sep-20,289,35,1315,0,1,,,,
24-Sep-20,289,35,1315,0,0,,,,
25-Sep-20,281,35,1315,0,0,,,,
26-Sep-20,281,35,1315,0,0,,,,
27-Sep-20,286,35,1320,0,5,,,,
28-Sep-20,289,35,1323,0,3,,,,
29-Sep-20,301,35,1343,0,20,,,,
30-Sep-20,298,35,1343,0,0,,,,
1-Oct-20,299,35,1344,0,1,,,,
2-Oct-20,290,35,1345,0,1,,,,
3-Oct-20,290,35,1345,0,0,,,,
4-Oct-20,290,35,1345,0,0,,,,
5-Oct-20,289,35,1346,0,1,,,,
6-Oct-20,289,35,1347,0,1,,,,
7-Oct-20,290,35,1348,0,1,,,,
8-Oct-20,291,35,1349,0,1,,,,
9-Oct-20,295,35,1354,0,5,,,,
10-Oct-20,297,35,1356,0,2,,,,
11-Oct-20,299,35,1358,0,2,,,,
12-Oct-20,299,35,1359,0,1,,,,
13-Oct-20,302,35,1362,0,3,,,,
14-Oct-20,307,35,1371,0,9,,,,
15-Oct-20,308,35,1373,0,2,,,,
16-Oct-20,307,35,1373,0,0,,,,
17-Oct-20,309,35,1375,0,2,,,,
18-Oct-20,317,35,1383,0,8,,,,
19-Oct-20,308,35,1389,0,6,,,,
20-Oct-20,309,35,1390,0,1,,,,
21-Oct-20,312,35,1393,0,3,,,,
22-Oct-20,313,35,1397,0,4,,,,
23-Oct-20,313,35,1397,0,0,,,,
24-Oct-20,324,35,1410,0,13,,,,
25-Oct-20,326,35,1418,0,8,,,,
26-Oct-20,323,35,1419,0,1,,,,
27-Oct-20,325,35,1422,0,3,,,,
28-Oct-20,326,35,1423,0,1,,,,
29-Oct-20,330,35,1427,0,4,,,,
30-Oct-20,330,35,1427,0,0,,,,
31-Oct-20,333,35,1430,0,3,,,,
1-Nov-20,332,35,1430,0,0,,,,
2-Nov-20,343,35,1443,0,13,,,,
3-Nov-20,350,35,1454,0,11,,,,
4-Nov-20,351,35,1455,0,1,,,,
5-Nov-20,355,35,1459,0,4,,,,
6-Nov-20,359,35,1464,0,5,,,,
7-Nov-20,360,35,1465,0,1,,,,
8-Nov-20,360,35,1465,0,0,,,,
9-Nov-20,345,35,1467,0,2,,,,
10-Nov-20,357,35,1479,0,12,,,,
11-Nov-20,390,35,1512,0,33,,,,
12-Nov-20,385,35,1513,0,1,,,,
13-Nov-20,380,35,1516,0,3,,,,
14-Nov-20,378,35,1516,0,0,,,,
15-Nov-20,410,35,1548,0,32,,,,
16-Nov-20,391,35,1550,0,2,,,,
17-Nov-20,396,35,1555,0,5,,,,
18-Nov-20,409,35,1568,0,13,,,,
19-Nov-20,395,35,1572,0,4,,,,
20-Nov-20,396,35,1573,0,1,,,,
21-Nov-20,397,35,1574,0,1,,,,
22-Nov-20,398,35,1575,0,1,,,,
23-Nov-20,394,35,1580,0,5,,,,
24-Nov-20,396,35,1584,0,4,,,,
25-Nov-20,401,35,1589,0,5,,,,
26-Nov-20,399,35,1600,0,11,,,,
27-Nov-20,403,35,1608,0,8,,,,
28-Nov-20,396,35,1610,0,2,,,,
29-Nov-20,398,35,1612,0,2,,,,
30-Nov-20,402,35,1616,0,4,,,,
1-Dec-20,390,35,1620,0,4,,,,
2-Dec-20,391,35,1627,0,7,,,,
3-Dec-20,386,35,1630,0,3,,,,
4-Dec-20,375,35,1630,0,0,,,,
5-Dec-20,379,35,1634,0,4,,,,
6-Dec-20,380,35,1635,0,1,,,,
7-Dec-20,377,35,1636,0,1,,,,
8-Dec-20,388,35,1647,0,11,,,,
9-Dec-20,391,35,1651,0,4,,,,
10-Dec-20,395,35,1655,0,4,,,,
11-Dec-20,388,35,1661,0,6,,,,
12-Dec-20,392,35,1665,0,4,,,,
13-Dec-20,391,35,1667,0,2,,,,
14-Dec-20,391,35,1672,0,5,,,,
15-Dec-20,388,35,1675,0,3,,,,
16-Dec-20,388,35,1675,0,0,,,,
17-Dec-20,379,35,1677,0,2,,,,
18-Dec-20,379,35,1680,0,3,,,,
19-Dec-20,377,35,1681,0,1,,,,
20-Dec-20,379,35,1683,0,2,,,,
21-Dec-20,380,35,1684,0,1,,,,
22-Dec-20,374,35,1690,0,6,,,,
23-Dec-20,375,35,1691,0,1,,,,
24-Dec-20,387,35,1703,0,12,,,,
25-Dec-20,372,35,1710,0,7,,,,
26-Dec-20,373,35,1711,0,1,,,,
27-Dec-20,374,35,1712,0,1,,,,
28-Dec-20,385,35,1723,0,11,,,,
29-Dec-20,372,35,1726,0,3,,,,
30-Dec-20,370,35,1728,0,2,,,,
31-Dec-20,377,35,1737,0,9,,,,
1-Jan-21,386,35,1746,0,9,,,,
2-Jan-21,382,35,1754,0,8,,,,
3-Jan-21,393,35,1767,0,13,,,,
4-Jan-21,396,35,1770,0,3,,,,
5-Jan-21,403,35,1777,0,7,,,,
6-Jan-21,390,35,1778,0,1,,,,
7-Jan-21,394,35,1782,0,4,,,,
8-Jan-21,393,35,1785,0,3,,,,
9-Jan-21,390,35,1786,0,1,,,,
10-Jan-21,391,35,1787,0,1,,,,
11-Jan-21,392,35,1788,0,1,,,,
12-Jan-21,397,35,1793,0,5,,,,
13-Jan-21,390,35,1794,0,1,,,,
14-Jan-21,401,35,1805,0,11,,,,
15-Jan-21,395,35,1810,0,5,,,,
16-Jan-21,396,35,1811,0,1,,,,
17-Jan-21,396,35,1811,0,0,,,,
18-Jan-21,376,35,1813,0,2,,,,
19-Jan-21,377,35,1814,0,1,,,,
20-Jan-21,377,35,1818,0,4,,,,
21-Jan-21,374,35,1820,0,2,,,,
22-Jan-21,376,35,1822,0,2,,,,
23-Jan-21,376,35,1822,0,0,,,,
24-Jan-21,376,35,1822,0,0,,,,
25-Jan-21,363,35,1823,0,1,,,,
26-Jan-21,360,35,1825,0,2,,,,
27-Jan-21,360,35,1825,0,0,,,,
28-Jan-21,507,35,1972,0,147,,,,
29-Jan-21,586,35,2069,0,97,,,,
30-Jan-21,674,35,2165,0,96,,,,
31-Jan-21,747,35,2239,0,74,,,,
1-Feb-21,792,35,2287,0,48,,,,
2-Feb-21,838,35,2333,0,46,,,,
3-Feb-21,877,35,2373,0,40,,,,
4-Feb-21,942,35,2442,0,69,,,,
5-Feb-21,965,35,2465,0,23,,,,
6-Feb-21,967,35,2470,0,5,,,,
7-Feb-21,988,35,2495,0,25,,,,
8-Feb-21,1061,35,2568,0,73,,,,
9-Feb-21,1078,35,2585,0,17,,,,
10-Feb-21,1106,35,2621,0,36,,,,
11-Feb-21,1131,35,2694,0,73,,,,
12-Feb-21,1132,35,2696,0,2,,,,
13-Feb-21,1210,35,2774,0,78,,,,
14-Feb-21,1255,35,2822,0,48,,,,
15-Feb-21,1308,35,2884,0,62,,,,
16-Feb-21,1339,35,2947,0,63,,,,
17-Feb-21,1359,35,2968,0,21,,,,
18-Feb-21,1349,35,2989,0,21,,,,
19-Feb-21,1345,35,3007,0,18,,,,
20-Feb-21,1351,35,3013,0,6,,,,
21-Feb-21,1294,35,3031,0,18,,,,
22-Feb-21,1288,35,3040,0,9,,,,
23-Feb-21,1297,35,3049,0,9,,,,
24-Feb-21,1236,35,3061,0,12,,,,
25-Feb-21,1230,35,3069,0,8,,,,
26-Feb-21,1201,35,3075,0,6,,,,
27-Feb-21,1202,35,3081,0,6,,,,
28-Feb-21,1189,35,3100,0,19,,,,
1-Mar-21,1189,35,3100,0,0,,,,
2-Mar-21,1198,35,3131,0,31,,,,
3-Mar-21,1209,35,3142,0,11,,,,
4-Mar-21,1193,35,3148,0,6,,,,
5-Mar-21,1199,35,3154,0,6,,,,
6-Mar-21,1206,35,3161,0,7,,,,
7-Mar-21,1218,35,3173,0,12,0,0,573,8
8-Mar-21,1231,35,3186,0,13,377,0,1965,230
9-Mar-21,1149,35,3188,0,2,522,0,1854,37
10-Mar-21,1152,35,3191,0,3,955,0,1451,23
11-Mar-21,1112,35,3195,0,4,1585,0,3076,92
12-Mar-21,1094,35,3215,0,20,5248,0,5142,100
13-Mar-21,1097,35,3218,0,3,10041,0,4355,174
14-Mar-21,1098,35,3219,0,1,11605,0,1919,44
15-Mar-21,1072,35,3222,0,3,15865,0,5325,90
16-Mar-21,1032,35,3225,0,3,20695,0,7838,35
17-Mar-21,999,35,3232,0,7,24054,0,3463,19
18-Mar-21,1002,35,3235,0,3,27546,0,4682,33
19-Mar-21,1003,35,3236,0,1,30971,0,4059,43
20-Mar-21,1004,35,3237,0,1,32361,0,1724,17
21-Mar-21,1004,35,3237,0,0,33891,0,1394,8
22-Mar-21,972,35,3240,0,3,36082,0,2358,14
23-Mar-21,959,35,3240,0,0,37911,0,3105,11
24-Mar-21,941,35,3241,0,1,39817,0,3608,23
25-Mar-21,944,35,3244,0,3,42225,0,2801,17
26-Mar-21,951,35,3251,0,7,44000,0,5056,41
27-Mar-21,908,35,3251,0,0,44278,0,1067,14
28-Mar-21,913,35,3256,0,5,45140,0,1015,9
29-Mar-21,916,35,3259,0,3,46416,0,1597,20
30-Mar-21,865,35,3259,0,0,48256,0,3721,18
31-Mar-21,874,35,3268,0,9,49743,0,2638,28
1-Apr-21,891,35,3285,0,17,51216,0,2689,31
2-Apr-21,870,35,3288,0,3,52091,0,1329,21
3-Apr-21,876,35,3294,0,6,52335,0,533,14
4-Apr-21,881,35,3299,0,5,52413,0,439,18
5-Apr-21,854,35,3305,0,6,52868,0,4831,37
6-Apr-21,860,35,3317,0,12,53953,0,2248,30
7-Apr-21,865,35,3329,0,12,55151,0,2492,32
8-Apr-21,874,35,3338,0,9,56359,0,3896,69
9-Apr-21,892,35,3356,0,18,58037,0,3229,135
10-Apr-21,901,35,3365,0,9,58248,0,1368,21
11-Apr-21,902,35,3366,0,1,58418,0,1002,16
12-Apr-21,899,35,3379,0,13,59249,0,1814,53
13-Apr-21,908,35,3388,0,9,60139,0,2563,267
14-Apr-21,931,35,3411,0,23,62028,0,3299,41
15-Apr-21,963,35,3443,0,32,63758,0,2976,57
16-Apr-21,980,35,3460,0,17,66366,0,3759,91
17-Apr-21,959,35,3469,0,9,67789,0,2033,31
18-Apr-21,962,35,3472,0,3,79182,0,1899,34
19-Apr-21,969,35,3479,0,7,80857,0,11536,277
20-Apr-21,963,35,3488,0,9,106929,0,17363,1090
21-Apr-21,969,35,3494,0,6,108897,0,2393,39
22-Apr-21,980,35,3505,0,11,128610,0,38862,2272
23-Apr-21,997,35,3522,0,17,176037,0,46118,1969
24-Apr-21,1000,35,3525,0,3,198972,0,18985,501
25-Apr-21,985,35,3536,0,11,209632,0,8698,217
26-Apr-21,994,35,3545,0,9,259736,0,65847,2970
27-Apr-21,999,35,3550,0,5,318792,0,99599,3550
28-Apr-21,1007,35,3558,0,8,425638,0,100711,2824
29-Apr-21,1075,35,3626,0,68,506435,0,79418,1769
30-Apr-21,1096,35,3647,0,21,500448,9407,4982,453
1-May-21,1081,35,3664,0,17,500448,9407,6257,82
2-May-21,1105,35,3689,0,25,500448,9407,6733,128
3-May-21,1117,35,3712,0,23,500448,9407,12225,205
4-May-21,1135,35,3730,0,18,500448,9407,72142,2110
5-May-21,1168,35,3763,0,33,500448,9407,102644,2038
6-May-21,1275,35,3870,0,107,500448,9407,71372,2415
7-May-21,1346,35,3941,0,71,500448,9407,62889,2484
8-May-21,1454,35,4091,0,150,500448,9407,21837,372
9-May-21,1622,35,4259,0,168,500448,9407,13008,617
10-May-21,1838,35,4475,0,216,873640,9407,31274,1334
11-May-21,1945,35,4598,0,123,873640,9407,26768,1434
12-May-21,2062,35,4733,0,135,923216,9407,23024,1400
13-May-21,2177,35,4869,0,136,940368,9407,16673,1985
14-May-21,2351,36,5044,1,175,927613,21042,16329,2095
15-May-21,2618,36,5322,0,278,932008,22512,5712,431
16-May-21,2932,37,5637,1,315,934116,22561,1950,247
17-May-21,3235,37,5940,0,303,934116,22561,3421,764
18-May-21,3467,37,6191,0,251,953691,28852,4225,282
19-May-21,3755,39,6481,2,290,953691,28852,4874,386
20-May-21,3952,41,6680,2,199,953691,28852,7898,281
21-May-21,4171,41,6901,0,221,953691,28852,12265,150
22-May-21,4378,42,7141,1,240,969737,28961,1667,49
23-May-21,4596,44,7361,2,220,969737,28961,1112,532
24-May-21,4834,44,7672,0,311,969737,28961,3185,225
25-May-21,5437,45,8276,1,604,969737,28961,6619,254
26-May-21,5893,46,8792,1,516,976945,28961,10869,596
27-May-21,6271,47,9171,1,379,976945,28961,3524,673
28-May-21,6641,47,9584,0,413,976945,28961,5555,1536
29-May-21,7110,47,10053,0,469,976945,28961,5014,731
30-May-21,7463,47,10460,0,407,976945,28961,15756,782
31-May-21,7738,48,10815,1,355,1040895,30602,22051,1048
1-Jun-21,8130,49,11222,1,407,1040895,30602,53478,1554
2-Jun-21,8481,49,11615,0,393,1047757,31177,67141,1002
3-Jun-21,8884,51,12020,2,405,1092954,31551,80972,2139
4-Jun-21,9097,53,12392,2,372,1152805,32401,67438,3910
5-Jun-21,9442,53,12805,0,413,1176040,33632,57179,4176
6-Jun-21,9725,53,13146,0,341,1181273,33643,40403,2127
7-Jun-21,9969,55,13533,2,387,1263766,38166,34620,5987
8-Jun-21,10215,55,13817,0,284,1270626,42115,45778,7945
9-Jun-21,10797,55,14488,0,671,1295529,47179,38206,4338
10-Jun-21,11088,57,14853,2,365,1311502,50023,42277,3415
11-Jun-21,11316,58,15178,1,325,1339469,53127,37198,4191
12-Jun-21,11719,59,15605,1,427,1345451,54385,22348,1806
13-Jun-21,12034,59,16091,0,486,1387793,55265,12943,1458
14-Jun-21,12243,61,16540,2,449,1433435,59608,30418,3079
15-Jun-21,12605,61,17205,0,665,1520800,63636,77762,6681
16-Jun-21,13250,61,17901,0,696,1628647,72325,160330,17701
17-Jun-21,14033,62,18748,1,847,1811393,89833,240377,23362
18-Jun-21,14383,64,19180,2,432,2021496,105856,233699,21125
19-Jun-21,14856,66,19976,2,796,2128746,115315,136695,8020
20-Jun-21,15191,69,20489,3,513,2179277,121683,87139,5517
21-Jun-21,15416,69,20938,0,449,2179277,121683,151848,5199
22-Jun-21,15718,70,21334,1,396,2301470,133843,193051,6711
23-Jun-21,15944,72,21700,2,366,2350973,137682,225950,9704
24-Jun-21,16335,74,22168,2,468,2634006,143121,322774,13382
25-Jun-21,17572,74,23595,0,1427,2786948,150316,301440,14984
26-Jun-21,17666,76,23879,2,284,2988256,155488,142625,8145
27-Jun-21,18087,76,24482,0,603,3072335,157136,97669,2933
28-Jun-21,18543,80,25142,4,660,3151116,172994,105465,13349
29-Jun-21,18907,81,25752,1,610,3229008,182481,103065,12966
30-Jun-21,19569,81,26490,0,738,3390898,193041,69447,11287
1-Jul-21,20336,84,27667,3,1177,3405755,204006,34574,9314
2-Jul-21,21083,84,28562,0,895,3413836,214405,34125,10152
3-Jul-21,22352,86,30081,2,1519,3430203,218602,31476,6835
4-Jul-21,23640,90,31549,4,1468,3444183,223336,21025,2556
5-Jul-21,25242,97,33361,7,1812,3449389,226858,25363,7284
6-Jul-21,26880,102,35059,5,1698,3456861,235570,29633,8366
7-Jul-21,28054,105,36716,3,1657,3477130,241913,27794,7169
8-Jul-21,29823,110,38883,5,2167,3484736,249532,34163,14851
9-Jul-21,32466,112,41562,2,2679,3494238,258274,34647,14380
10-Jul-21,35291,119,44614,7,3052,3497965,271409,24221,4200
11-Jul-21,38433,125,47833,6,3219,3496691,277447,16926,2563
12-Jul-21,42296,132,51759,7,3926,3503138,280367,23990,6628
13-Jul-21,45862,138,55553,6,3794,3511298,283884,38371,5602
14-Jul-21,50559,207,60390,69,4837,3573223,286772,35383,4182
15-Jul-21,56112,225,66025,18,5635,3596271,294676,40412,6984
16-Jul-21,61280,225,71525,0,5500,3637542,298177,40837,7461
17-Jul-21,67085,254,77651,29,6126,3651256,304998,33341,4493
18-Jul-21,76427,334,87428,80,9777,3670956,306475,24862,2509
19-Jul-21,82969,334,94350,0,6922,3685919,309791,36018,7511
20-Jul-21,90450,370,102263,36,7913,3701489,317672,55139,12812
21-Jul-21,98737,396,111104,26,8841,3718029,324955,52864,13000
22-Jul-21,107468,428,121317,32,10213,3742539,334560,79055,18337
23-Jul-21,117373,462,133371,34,12054,3771555,353601,120875,22275
24-Jul-21,130563,493,148639,31,15268,3791035,372353,133840,20376
25-Jul-21,141200,524,161066,31,12427,3833765,389863,137437,22373
26-Jul-21,152200,524,174068,0,13002,3900500,423071,221061,38546
27-Jul-21,163545,630,187121,106,13053,4111503,450836,270466,42664
28-Jul-21,169618,863,197938,233,10817,4328579,496630,310362,42689
29-Jul-21,177517,1162,210459,299,12521,4437094,546402,336693,53588
30-Jul-21,187932,1307,224723,145,14264,4753590,588893,359251,55295
31-Jul-21,198715,1499,238948,192,14225,4962644,620611,379596,44230
1-Aug-21,208315,1696,253168,197,14220,5097091,659064,339066,25673
2-Aug-21,216426,2073,265464,377,12296,5533469,712864,376695,46236
3-Aug-21,226204,2330,279365,257,13901,5803146,744331,454248,54539
4-Aug-21,234881,2724,291937,394,12572,5995346,778986,517751,48977
5-Aug-21,242824,3021,303885,297,11948,6421070,820023,589515,51579
6-Aug-21,252025,3255,317612,234,13727,6801621,863323,626079,56678
7-Aug-21,259672,3402,329711,147,12099,7119697,888459,638396,69499
8-Aug-21,270438,3763,345698,361,15987,7514207,945806,587135,49184
9-Aug-21,281032,4152,361104,389,15406,7981013,1003287,765855,76436
10-Aug-21,290101,4495,374944,343,13840,9269660,1036102,933984,89668
11-Aug-21,299424,4822,389400,327,14456,9913421,1092700,832663,86628
12-Aug-21,311105,5098,405348,276,15948,10872762,1191855,704245,106753
13-Aug-21,322302,5448,420488,350,15140,11228974,1271973,658598,96731
14-Aug-21,333746,5786,436517,338,16029,11722663,1355677,524615,75077
15-Aug-21,343665,6154,452323,368,15806,11908160,1379274,350132,50143
16-Aug-21,353131,6486,466594,332,14271,12467894,1401834,394290,79613
17-Aug-21,364347,6785,482440,299,15846,12546019,1486425,371112,99551
18-Aug-21,374491,7166,496716,381,14276,12797199,1562669,284875,102707
19-Aug-21,386674,7557,514290,391,17574,13033455,1636372,267171,101427
20-Aug-21,394622,7926,535363,369,21073,13080533,1707066,321369,113602
21-Aug-21,405882,8296,554265,370,18902,13483400,1791248,325157,85152
22-Aug-21,416606,8686,572959,390,18694,13695873,1834348,221920,65402
23-Aug-21,426271,9035,589918,349,16959,13802727,1922313,273958,99569
24-Aug-21,436103,9371,607749,336,17831,14016971,2039251,302914,131135
25-Aug-21,448090,9690,627701,319,19952,14243113,2139545,279596,164522
26-Aug-21,455668,10077,654233,387,26532,14372978,2235013,218434,143363
27-Aug-21,466505,10430,675549,353,21316,14494260,2328431,230938,138655
28-Aug-21,473749,10775,695513,345,19964,14568683,2431205,237004,111204
29-Aug-21,485732,11091,716625,316,21112,14661746,2524407,167446,69901
30-Aug-21,499813,11456,740085,365,23460,14728352,2619186,198510,138012
31-Aug-21,510126,11896,760882,440,20797,14728352,2619186,176422,165998
1-Sep-21,518854,12168,779744,272,18862,14757255,2726563,221459,155030
2-Sep-21,529713,12477,801514,309,21770,14757255,2726563,187282,76797
3-Sep-21,542634,12825,826127,348,24613,14779219,2881553,325924,148704
4-Sep-21,546208,13107,841831,282,15704,14913234,2959122,505915,152565
5-Sep-21,558353,13419,863499,312,21668,14951229,3047525,564982,137110
6-Sep-21,568898,13736,884091,317,20592,15048091,3198545,734801,274872
7-Sep-21,581656,14161,907527,425,23436,15334557,3338783,847319,309887
8-Sep-21,588291,14507,928445,346,20918,15786832,3444406,880506,320991
9-Sep-21,595975,14783,948928,276,20483,16040551,3768683,942731,324681
10-Sep-21,604922,15057,970900,274,21972,16401621,4189782,1006722,365039
11-Sep-21,611804,15319,990585,262,19685,16991516,4467586,951338,309863
12-Sep-21,620150,15701,1010429,382,19844,17627060,4740764,758442,224393
13-Sep-21,627105,15978,1028861,277,18432,18100742,5056325,724127,280641
14-Sep-21,631508,16229,1046198,251,17337,18628189,5326059,725904,248577
15-Sep-21,634541,16468,1063659,239,17461,19106114,5621403,653870,203174
16-Sep-21,640732,16680,1080963,212,17304,19106114,5621403,503579,214569
17-Sep-21,649600,16900,1099965,220,19002,20318789,5988864,550622,253095
18-Sep-21,649928,17133,1115429,233,15464,20637180,6184726,548113,178149
19-Sep-21,657139,17348,1131992,215,16563,20861169,6347095,529049,111402
20-Sep-21,664396,17588,1146310,240,14318,21059701,6517771,480089,198960
21-Sep-21,672434,17824,1165601,236,19291,21273468,6640061,595461,194929
22-Sep-21,679297,18060,1184619,236,19018,21504300,6783707,511193,208811
23-Sep-21,688498,18263,1200249,203,15630,21815520,6930160,565632,266838
24-Sep-21,690026,18443,1214328,180,14079,22036338,7058109,650466,355403
25-Sep-21,695259,18627,1230335,184,16007,22275086,7259412,748908,340649
26-Sep-21,700119,18801,1246846,174,16511,22472158,7555545,728584,274699
27-Sep-21,704855,18979,1262288,178,15442,22474680,7946283,562061,257067
28-Sep-21,696409,19141,1275491,162,13203,22659656,8286558,591567,479372
29-Sep-21,687081,19344,1289934,203,14443,22900903,8597064,522000,382963
30-Sep-21,674721,19480,1303032,136,13098,23190241,8981400,485916,315515
1-Oct-21,658782,19644,1314507,164,11475,23172946,9496111,511161,504783
2-Oct-21,638871,19758,1323567,114,9060,23251261,9818448,470061,419212
3-Oct-21,618754,19888,1332439,130,8872,23405972,10126423,542519,543525
4-Oct-21,599819,20022,1341321,134,8882,23673127,10482392,536431,682039
5-Oct-21,581327,20141,1348521,119,7200,23748265,10873929,759211,830563
6-Oct-21,578369,20266,1355721,125,7200,23787853,11485990,742200,848672
7-Oct-21,583705,20380,1362573,114,6852,23681332,12902101,657068,702060
8-Oct-21,590498,20485,1370465,105,7892,23827868,13524667,729351,590071
9-Oct-21,596514,20598,1377913,113,7448,23805432,14038632,577552,632931
10-Oct-21,580821,20713,1383733,115,5820,23962894,14527477,611913,426553
11-Oct-21,584149,20806,1389703,93,5970,23116708,15581428,678769,512361
12-Oct-21,587557,20912,1394564,106,4861,22947048,16141038,926253,492360
13-Oct-21,591994,20993,1400273,81,5709,24712045,15791982,1025459,371818
14-Oct-21,598035,21086,1407126,93,6853,25328735,16136858,1337146,306892
15-Oct-21,603290,21174,1413387,88,6261,25997148,16416353,1530266,299768
16-Oct-21,606956,21237,1418697,63,5310,26723422,16711558,1487450,384150
17-Oct-21,610805,21312,1423961,75,5264,27409153,17037565,1246351,347357
18-Oct-21,614816,21387,1429183,75,5222,28056669,17460393,1301213,465451
19-Oct-21,617878,21459,1434183,72,5000,28875898,17959225,1192489,512010
20-Oct-21,622081,21530,1440194,71,6011,29468598,18352484,1047772,508800
21-Oct-21,626480,21586,1446190,56,5996,29852372,18851824,938142,621655
22-Oct-21,627775,21663,1452764,77,6574,30461311,19540310,1003952,742768
23-Oct-21,631946,21716,1458326,53,5562,30936011,20029758,1063609,585865
24-Oct-21,637242,21781,1465001,65,6675,31423661,20384696,803320,383944
25-Oct-21,641854,21845,1471000,64,5999,31438875,20387412,692735,390230
26-Oct-21,644737,21899,1476926,54,5926,32238506,21182188,764716,431602
27-Oct-21,649935,21953,1484202,54,7276,32686871,21609569,760273,396132
28-Oct-21,656297,22009,1492269,56,8067,33076893,22042997,816952,433258
29-Oct-21,662147,22073,1500352,64,8083,33409842,22479482,695497,418624
30-Oct-21,668521,22126,1508983,53,8631,33751650,22843977,603916,384492
31-Oct-21,675580,22174,1518088,48,9105,33999368,23170137,487167,351047
1-Nov-21,683010,22248,1527323,74,9235,32896326,25117569,453413,541677
2-Nov-21,689486,22326,1536618,78,9295,34093967,23711085,491863,709169
3-Nov-21,692278,22385,1548338,59,11720,33977706,24381993,581409,731143
4-Nov-21,701332,22455,1559193,70,10855,33874840,25745746,774848,858285
5-Nov-21,711707,22513,1571567,58,12374,33865366,26481347,767590,893017
6-Nov-21,722246,22574,1583921,61,12354,33824178,27184458,566485,891882
7-Nov-21,733494,22641,1596537,67,12616,33714541,27809838,428043,762604
8-Nov-21,745506,22729,1609710,88,13173,33570702,28548287,394303,854398
9-Nov-21,757516,22808,1623124,79,13414,33463863,29294475,494092,919720
10-Nov-21,769262,22892,1636208,84,13084,33334346,30077192,428808,900852
11-Nov-21,780749,22973,1649670,81,13462,33244016,30525062,437398,976139
12-Nov-21,785210,23061,1664482,88,14812,31962246,33712014,378581,1033496
13-Nov-21,797271,23125,1678450,64,13968,31485479,34613974,318690,850943
14-Nov-21,805396,23226,1691933,101,13483,30904643,35591713,243520,627309
15-Nov-21,818318,23313,1706147,87,14214,30122636,36779689,267064,735889
16-Nov-21,828693,23380,1723070,67,16923,29180646,38126344,288732,942215
17-Nov-21,840925,23519,1739314,139,16244,28514378,39081230,326491,1121369
18-Nov-21,850960,23621,1756174,102,16860,27878005,40053328,368035,1478810
19-Nov-21,864757,23728,1772049,107,15875,27111005,41152470,361755,1662551
20-Nov-21,863624,23804,1787765,76,15716,26550425,42221457,321296,1359372
21-Nov-21,874586,23994,1804080,190,16315,26188106,43123347,307841,1099721
22-Nov-21,886676,24161,1821113,167,17033,25970820,43873161,285836,1231435
23-Nov-21,903433,24286,1839029,125,17916,25632420,44754342,488364,1163119
24-Nov-21,896317,24450,1858028,164,18999,25355761,45499853,590392,1009359
25-Nov-21,910580,24587,1878055,137,20027,25122903,46192366,545207,842139
26-Nov-21,919158,24735,1899149,148,21094,24920191,46887413,534498,915573
27-Nov-21,943145,24925,1924994,190,25845,24753250,47553019,545284,840417
28-Nov-21,962078,25098,1945812,173,20818,24520704,48215010,488749,762020
29-Nov-21,967947,25295,1967966,197,22154,24290987,48805021,526158,782579
30-Nov-21,975603,25491,1990442,196,22476,23989422,49367122,500137,702018
1-Dec-21,996031,25701,2013784,210,23342,23752276,49816319,369033,587731
2-Dec-21,1004608,25901,2035819,200,22035,23639821,50110489,288890,560766
3-Dec-21,1025231,26104,2057794,203,21975,23424514,50563937,223506,587524
4-Dec-21,1046436,26303,2080305,199,22511,23205359,51073637,174329,438605
5-Dec-21,1067513,26526,2103316,223,23011,22889442,51633183,143279,281851
6-Dec-21,1089622,26743,2126772,217,23456,22585696,52160865,184481,345057
7-Dec-21,1110394,26973,2149023,230,22251,22238800,52695693,227827,470518
8-Dec-21,1108865,27230,2172488,257,23465,21981855,53112478,199389,544140
9-Dec-21,1118676,27446,2197101,216,24613,21731883,53476175,141167,519545
10-Dec-21,1140961,27655,2220957,209,23856,21432468,53952972,133941,577263
11-Dec-21,1165599,27883,2246907,228,25950,21105812,54460619,137806,493382
12-Dec-21,1187594,28126,2270440,243,23533,20773934,54970039,95696,391457
13-Dec-21,1210868,28379,2295159,253,24719,20450155,55455660,116021,458225
14-Dec-21,1230531,28663,2319630,284,24471,20062197,56037783,135897,474920
15-Dec-21,1252258,28904,2344590,241,24960,19715212,56550320,107989,520090
16-Dec-21,1275213,29151,2368825,247,24235,19422493,56971361,110035,505466
17-Dec-21,1268091,29400,2393009,249,24184,19025892,57523779,184652,645196
18-Dec-21,1291459,29615,2418237,215,25228,18562866,58159664,172781,589124
19-Dec-21,1306009,29840,2443811,225,25574,18157460,58771955,127836,473011
20-Dec-21,1327599,30091,2467589,251,23778,17778622,59358670,121771,588877
21-Dec-21,1303111,30301,2493502,210,25913,17470473,59836380,164299,650550
22-Dec-21,1315715,30582,2519781,281,26279,17212269,60218324,176033,631160
23-Dec-21,1330530,30817,2545775,235,25994,17015303,60509028,178048,609951
24-Dec-21,1325100,31058,2571419,241,25644,16698002,60975362,153938,555943
25-Dec-21,1335205,31265,2596154,207,24735,16259694,61571641,102821,403912
26-Dec-21,1340600,31469,2620309,204,24155,15891613,62110722,78657,327961
27-Dec-21,1352621,31683,2643918,214,23609,15581593,62585389,102377,495787
28-Dec-21,1370629,31928,2666839,245,22921,15357864,62955505,116242,650268
29-Dec-21,1354174,32168,2688884,240,22045,14463532,64609840,118122,483164
30-Dec-21,1351377,32394,2720415,226,31531,14380831,64751612,139500,435355
31-Dec-21,1358732,32610,2746628,216,26213,14267113,64970183,119216,349815
1-Jan-22,1362063,32831,2770171,221,23543,14134700,65199227,17673,36210
2-Jan-22,1357351,33021,2797070,190,26899,13980283,65459083,21542,36895
3-Jan-22,1340959,33245,2822364,224,25294,13811171,65751108,29921,63769
4-Jan-22,1330996,33474,2845858,229,23494,13658411,66020137,72337,184913
5-Jan-22,1318069,33644,2872764,170,26906,13553817,66190755,78238,266053
6-Jan-22,1298375,33877,2898673,233,25909,13506231,66292762,96011,280934
7-Jan-22,1292106,34117,2924278,240,25605,13377776,66512766,86239,236129
8-Jan-22,1291952,34319,2950317,202,26039,13252586,66725980,55242,146906
9-Jan-22,1287250,34531,2975038,212,24721,13112030,66963949,39675,114459
10-Jan-22,1203365,34787,2998256,256,23218,12982138,67184581,60075,164328
11-Jan-22,1204447,34964,3023382,177,25126,12851684,67413481,59237,196076
12-Jan-22,1173425,35170,3048506,206,25124,12788943,67531121,63141,235125
13-Jan-22,1156263,35341,3074547,171,26041,12748835,67616588,74593,267770
14-Jan-22,1159805,35480,3099519,139,24972,12662699,67780083,67132,248599
15-Jan-22,1116429,35609,3125017,129,25498,12583097,67928039,36596,145479
16-Jan-22,1114341,35788,3149435,179,24418,12523526,68054402,24763,66768
17-Jan-22,1102418,35972,3174869,184,25434,12457181,68166613,37822,149143
18-Jan-22,1102730,36114,3201016,142,26147,12422873,68243179,50573,166807
19-Jan-22,1077326,36266,3225799,152,24783,12408349,68272392,49741,180131
20-Jan-22,1080369,36443,3251756,177,25957,12397492,68292577,48918,203786
21-Jan-22,1085704,36596,3276501,153,24745,12395001,68301420,55635,190407
22-Jan-22,1089458,36719,3300891,123,24390,12393352,68306181,31974,92617
23-Jan-22,1091394,36884,3324150,165,23259,12389611,68313738,24730,68501
24-Jan-22,1060239,37010,3346453,126,22303,12385980,68321410,41840,119306
25-Jan-22,1004644,37165,3370903,155,24450,12378963,68334896,32296,97220
26-Jan-22,991754,37291,3395680,126,24777,12372729,68348496,27845,83516
27-Jan-22,978028,37432,3420098,141,24418,12367352,68363761,29851,80778
28-Jan-22,979460,37547,3443279,115,23181,12352264,68400109,25307,57249
29-Jan-22,973509,37668,3466803,121,23524,12322280,68467421,7619,21595
30-Jan-22,922496,37777,3487918,109,21115,12284992,68554620,3811,13618
31-Jan-22,920107,37872,3507460,95,19542,12239493,68652837,2878,2585
1-Feb-22,880396,37968,3524454,96,16994,12188425,68762326,1384,2095
2-Feb-22,869984,38063,3537933,95,13479,12157822,68820582,525,5683
3-Feb-22,841064,38147,3551192,84,13259,12133896,68863574,682,2877
4-Feb-22,833320,38261,3569072,114,17880,12100365,68951199,3375,7968
5-Feb-22,831560,38324,3587833,63,18761,12064907,69034171,2493,7367
6-Feb-22,829410,38424,3609587,100,21754,12018307,69129040,4012,10148
7-Feb-22,828569,38521,3635510,97,25923,11997896,69169251,7446,19592
8-Feb-22,840857,38614,3669290,93,33780,11953234,69259667,18200,44330
9-Feb-22,790887,38688,3706221,74,36931,11929052,69310159,23871,58860
10-Feb-22,803934,38784,3746358,96,40137,11914311,69353435,26108,71413
11-Feb-22,821618,38862,3787197,78,40839,11889838,69423398,31710,76417
12-Feb-22,840367,38946,3829302,84,42105,11860855,69494056,15318,37855
13-Feb-22,856131,39037,3869974,91,40672,11830549,69567273,10355,26606
14-Feb-22,878197,39122,3915320,85,45346,11803988,69635511,20353,53994
15-Feb-22,900858,39188,3964375,66,49055,11786960,69688594,21412,47245
16-Feb-22,930444,39278,4017935,90,53560,11774219,69727649,22830,52430
17-Feb-22,963364,39358,4073747,80,55812,11763915,69764285,19719,43081
18-Feb-22,1005510,39423,4139175,65,65428,11735121,69828892,28436,58921
19-Feb-22,1046002,39501,4203587,78,64412,11713799,69892184,13122,25410
20-Feb-22,1087907,39605,4276012,104,72425,11693646,69956034,8545,18742
21-Feb-22,1129941,39682,4348360,77,72348,11660875,70031623,13633,31877
22-Feb-22,1188178,39773,4434102,91,85742,11636385,70094084,18198,38628
23-Feb-22,1246933,39884,4525611,111,91509,11621593,70146629,18808,34289
24-Feb-22,1316075,39962,4630895,78,105284,11612944,70181716,21461,37619
25-Feb-22,1403148,40050,4750893,88,119998,11597534,70230492,16666,30103
26-Feb-22,1483592,40144,4868860,94,117967,11579623,70280063,11053,18974
27-Feb-22,1561606,40252,4999850,108,130990,11559958,70335191,5957,10146
28-Feb-22,1658414,40338,5140785,86,140935,11534904,70403106,16277,31421
1-Mar-22,1747179,40452,5287598,114,146813,11514463,70466330,15597,27657
2-Mar-22,1855250,40547,5449668,95,162070,11500929,70507914,16253,30393
3-Mar-22,1976297,40644,5621554,97,171886,11484545,70543876,17591,32869
4-Mar-22,2099804,40726,5801056,82,179502,11463927,70599322,19154,34918
5-Mar-22,2242651,40813,5987558,87,186502,11435767,70666138,12506,21699
6-Mar-22,2358413,40891,6185845,78,198287,11409343,70736557,8759,14893
7-Mar-22,2509903,40977,6391416,86,205571,11381713,70816824,13398,25399
8-Mar-22,2646905,41086,6616431,109,225015,11355161,70891056,15479,26868
9-Mar-22,2787264,41157,6839735,71,223304,11335333,70950924,17140,33163
10-Mar-22,2932551,41228,7055246,71,215511,11314961,70999834,18126,36010
11-Mar-22,3066632,41290,7281248,62,226002,11300094,71063179,17051,30849
12-Mar-22,3178967,41385,7495491,95,214243,11283137,71125264,8221,17069
13-Mar-22,3276839,41477,7705995,92,210504,11257061,71203964,7743,15021
14-Mar-22,3351285,41545,7905918,68,199923,11228502,71284056,10356,20147
15-Mar-22,3440608,41607,8123469,62,217551,11200453,71354474,13967,27236
16-Mar-22,3480096,41683,8344381,76,220912,11186318,71391198,12713,22918
17-Mar-22,3536978,41740,8556822,57,212441,11172582,71427657,11891,23498
18-Mar-22,3537755,41817,8750649,77,193827,11142650,71507403,15673,29054
19-Mar-22,3592444,41880,8951837,63,201188,11112211,71610120,8427,15891
20-Mar-22,3625391,41949,9113490,69,161653,11084611,71693982,6178,14522
21-Mar-22,3579530,42014,9264336,65,150846,11057268,71777365,11046,18814
22-Mar-22,3523892,42075,9411898,61,147562,11036830,71837737,17055,30572
23-Mar-22,3458473,42145,9556016,70,144118,11019928,71882118,20708,30054
24-Mar-22,3411904,42196,9691254,51,135238,10996092,71931280,19929,32664
25-Mar-22,3341369,42258,9813323,62,122069,10981040,71989242,18758,33897
26-Mar-22,3274556,42306,9928113,48,114790,10952995,72085318,7352,12157
27-Mar-22,3174003,42306,10030423,0,102310,10951913,72178670,6066,9032
28-Mar-22,3125209,42358,10121413,52,90990,10921931,72270979,13133,19397
29-Mar-22,3021359,42413,10217618,55,96205,10893734,72351216,14311,25788
30-Mar-22,2999992,42454,10310977,41,93359,10881658,72385185,12065,21624
31-Mar-22,2837363,42493,10398869,39,87892,10876528,72404259,9197,17210
1-Apr-22,2828640,42526,10477642,33,78773,10869523,72425774,6149,11265
2-Apr-22,2792969,42563,10548886,37,71244,10853158,72476262,2094,4575
3-Apr-22,2773112,42600,10603674,37,54788,10831686,72545012,1189,3587
4-Apr-22,2769811,42642,10656288,42,52614,10810594,72615368,4557,8133
5-Apr-22,2525710,42681,10715681,39,59393,10794589,72681010,8347,15027
6-Apr-22,2448409,42712,10768684,31,53003,10793824,72715629,9821,20082
7-Apr-22,2380176,42733,10817975,21,49291,10797350,72739790,14661,23801
8-Apr-22,2361677,42768,10860120,35,42145,10806894,72802004,11644,19992
9-Apr-22,2356372,42794,10896698,26,36578,10836857,72866217,2198,4153
10-Apr-22,2351694,42813,10927030,19,30332,10893861,72926896,2322,2255
11-Apr-22,2354049,42830,10951802,17,24772,11001328,72985234,730,1773
12-Apr-22,2176203,42858,10976168,28,24366,11174949,73033722,6035,11657
13-Apr-22,2188606,42878,11002478,20,26310,11251646,73061258,6892,15712
14-Apr-22,2127537,42901,11027065,23,24587,11288306,73079661,10591,21129
15-Apr-22,2142437,42924,11048405,23,21340,11396053,73128223,10750,21147
16-Apr-22,2093724,42934,11068032,10,19627,11550122,73175471,15825,10145
17-Apr-22,2103818,42944,11083608,10,15576,11702649,73234450,19758,6131
18-Apr-22,2112312,42957,11096333,13,12725,11828972,73292976,43685,18167
19-Apr-22,2001963,42975,11110632,18,14299,11910444,73353689,63976,19749
20-Apr-22,2013472,42982,11124688,7,14056,11918330,73371256,109518,20753
21-Apr-22,2017491,42991,11137409,9,12721,11923235,73385316,170221,19665
22-Apr-22,2026946,42998,11149209,7,11800,11926471,73401937,277770,19059
23-Apr-22,2035670,43004,11160168,6,10959,11935482,73416701,118834,6193
24-Apr-22,2040400,43013,11169488,9,9320,11971357,73456436,48513,5198
25-Apr-22,2041551,43021,11177332,8,7844,12037588,73508937,144633,10691
26-Apr-22,2026960,43029,11186214,8,8882,12087528,73557234,226314,12165
27-Apr-22,1988477,43034,11194643,5,8429,12099901,73574149,210247,16676
28-Apr-22,1916799,43037,11202139,3,7496,12106531,73591189,174218,19844
29-Apr-22,1919965,43038,11208531,1,6392,12134216,73630873,126596,12776
30-Apr-22,1908613,43041,11213909,3,5378,12182012,73673153,1228,1196
1-May-22,1910414,43042,11217822,1,3913,12251070,73723726,903,576
2-May-22,1912609,43044,11221109,2,3287,12382237,73775441,962,374
3-May-22,1913634,43044,11223959,0,2850,12548297,73822918,3323,279
4-May-22,1874826,43047,11227209,3,3250,12602154,73849016,41528,2855
5-May-22,1874271,43049,11231740,2,4531,12637499,73872440,92830,8868
6-May-22,1876467,43055,11235759,6,4019,12763095,73922541,66540,9889
7-May-22,1877699,43055,11239279,0,3520,12903061,73975660,14978,2453
8-May-22,1878020,43056,11241667,1,2388,13005948,74026801,6703,1584
9-May-22,1878734,43057,11243956,1,2289,13086647,74083618,35368,5796
10-May-22,1878969,43058,11246961,1,3005,13157637,74148031,78386,7815
11-May-22,1879279,43060,11249862,2,2901,13170577,74176995,119953,8943
12-May-22,1875991,43063,11254018,3,4156,13182839,74193973,222280,9892
13-May-22,1869268,43063,11256360,0,2342,13201469,74274166,244623,9675
14-May-22,1865697,43065,11258354,2,1994,13217089,74362393,74237,2819
15-May-22,1861927,43065,11260032,0,1678,13218920,74457844,37160,2625
16-May-22,1858833,43067,11261663,2,1631,13197955,74567735,164604,5541
17-May-22,1855613,43071,11263541,4,1878,13169832,74670718,166725,7205
18-May-22,1849101,43072,11265467,1,1926,13164252,74701146,133093,10961
19-May-22,1841318,43073,11267272,1,1805,13160799,74724925,110443,15279
20-May-22,1835834,43075,11268941,2,1669,13157804,74792175,124629,43140
21-May-22,1834298,43075,11270474,0,1533,13161655,74851166,22751,21127
22-May-22,1826741,43075,11271862,0,1388,13176279,74888100,8847,7124
23-May-22,1824118,43076,11273102,1,1240,13187151,74934709,71639,58708
24-May-22,1819015,43076,11274494,0,1392,13214739,74977809,75524,67030
25-May-22,1817968,43078,11275908,2,1414,13226670,74992303,65180,70032
26-May-22,1812086,43078,11277249,0,1341,13234897,75010885,60721,93711
27-May-22,1804024,43078,11278552,0,1303,13268479,75052369,49348,91697
28-May-22,1796733,43078,11279724,0,1172,13336991,75090189,7009,16581
29-May-22,1789230,43078,11280660,0,936,13417946,75128631,3152,8302
30-May-22,1782217,43078,11281836,0,1176,13484532,75166931,24786,34476
31-May-22,1777521,43079,11282898,1,1062,13541441,75202839,24109,29824
1-Jun-22,1769080,43079,11283999,0,1101,13558271,75216297,15467,9622
2-Jun-22,1764403,43080,11285143,1,1144,13569587,75228902,35829,24498
3-Jun-22,1756350,43080,11286236,0,1093,13615860,75264259,62669,22729
4-Jun-22,1747675,43080,11287162,0,926,13666060,75326050,20799,5449
5-Jun-22,1739848,43080,11287883,0,721,13689290,75390465,10104,3110
6-Jun-22,1731668,43081,11288730,1,847,13684090,75480398,65438,19782
7-Jun-22,1723369,43081,11289740,0,1010,13675518,75577464,119024,17875
8-Jun-22,1715966,43081,11290700,0,960,13666352,75612838,127213,17904
9-Jun-22,1712464,43081,11291543,0,843,13662398,75635173,118056,19123
10-Jun-22,1708874,43082,11292554,1,1011,13636491,75735304,88753,19790
11-Jun-22,1702299,43083,11293301,1,747,13585636,75878578,15334,5257
12-Jun-22,1697622,43083,11293898,0,597,13518137,76041482,13011,5133
13-Jun-22,1688941,43083,11294547,0,649,13439531,76213447,69939,19622
14-Jun-22,1683476,43083,11295447,0,900,13380746,76355836,93815,48576
15-Jun-22,1679004,43083,11296357,0,910,13364060,76403313,75168,57340
16-Jun-22,1670983,43083,11297171,0,814,13355297,76434330,73426,87305
17-Jun-22,1663362,43083,11297931,0,760,13321903,76536700,90911,112058
18-Jun-22,1658208,43083,11298666,0,735,13289767,76646850,18791,34342
19-Jun-22,1654514,43083,11299227,0,561,13266438,76746847,12880,13892
20-Jun-22,1645291,43083,11299774,0,547,13244325,76834687,68788,116199
21-Jun-22,1640297,43084,11300561,1,787,13218191,76916613,86962,168654
22-Jun-22,1635634,43084,11301555,0,994,13211281,76944825,95974,191531
23-Jun-22,1631325,43084,11302333,0,778,13208367,76965005,85235,197715
24-Jun-22,1622660,43084,11303019,0,686,13191288,77031467,74726,156406
25-Jun-22,1618112,43084,11303710,0,691,13190936,77093998,21115,33948
26-Jun-22,1611398,43084,11304296,0,586,13190326,77165915,15183,21912
27-Jun-22,1605415,43084,11304966,0,670,13211538,77239910,54688,92827
28-Jun-22,1596716,43087,11305775,3,809,13245549,77307539,68824,108818
29-Jun-22,1588146,43087,11306592,0,817,13247953,77334328,69371,102588
30-Jun-22,1583069,43087,11307474,0,882,13252699,77350460,54226,82704
1-Jul-22,1575699,43087,11308449,0,975,13268028,77427533,46357,73735
2-Jul-22,1566773,43087,11309217,0,768,13285836,77526685,9409,13488
3-Jul-22,1557683,43087,11309754,0,537,13294408,77645614,7527,7726
4-Jul-22,1552224,43088,11310475,1,721,13300226,77769128,38339,49555
5-Jul-22,1543505,43089,11311516,1,1041,13302587,77873602,56885,43789
6-Jul-22,1536839,43089,11312476,0,960,13306746,77903615,63511,52514
7-Jul-22,1529239,43089,11313438,0,962,13308820,77922306,106278,59715
8-Jul-22,1521325,43089,11314279,0,841,13304838,78016025,106679,58976
9-Jul-22,1515523,43089,11314999,0,720,13304751,78119301,24436,17238
10-Jul-22,1507535,43089,11315488,0,489,13300574,78215758,13126,10562
11-Jul-22,1501975,43089,11316085,0,597,13299972,78312547,96483,65124
12-Jul-22,1493743,43090,11317005,1,920,13287849,78400551,129611,96688
13-Jul-22,1489712,43090,11318057,0,1052,13287510,78427938,133548,116942
14-Jul-22,1482147,43090,11319037,0,980,13289873,78444003,137370,130395
15-Jul-22,1477984,43090,11320043,0,1006,13280209,78514589,102831,103986
16-Jul-22,1471365,43091,11320784,1,741,13271185,78608711,26302,18722
17-Jul-22,1464201,43091,11321568,0,784,13259354,78698444,9443,8001
18-Jul-22,1461016,43091,11322464,0,896,13243158,78797440,76753,86975
19-Jul-22,1456941,43091,11323606,0,1142,13236577,78877885,101953,99609
20-Jul-22,1449089,43091,11324826,0,1220,13235166,78898603,81442,82903
21-Jul-22,1445448,43091,11326184,0,1358,13234658,78915680,76403,77119
22-Jul-22,1442118,43092,11327386,1,1202,13230057,78970938,58877,76363
23-Jul-22,1433916,43092,11328512,0,1126,13231652,79026802,17110,16755
24-Jul-22,1424931,43092,11329299,0,787,13230623,79087819,8783,8623
25-Jul-22,1420181,43092,11330241,0,942,13230118,79153762,40195,53410
26-Jul-22,1414611,43092,11331778,0,1537,13231876,79229410,73360,82788
27-Jul-22,1408950,43092,11333633,0,1855,13227809,79259406,63307,73528
28-Jul-22,1403860,43092,11335420,0,1787,13226925,79276137,68877,91069
29-Jul-22,1396681,43093,11337319,1,1899,13217285,79356627,54371,65646
30-Jul-22,1390463,43093,11339075,0,1756,13202238,79453754,10250,10063
31-Jul-22,1384140,43093,11340629,0,1554,13187129,79560687,3908,6560
1-Aug-22,1375959,43093,11342096,0,1467,13167248,79665805,25288,25888
2-Aug-22,1368394,43094,11344200,1,2104,13148338,79760861,35311,37123
3-Aug-22,1362849,43094,11346405,0,2205,13142597,79792113,35240,37423
4-Aug-22,1357179,43094,11348447,0,2042,13138779,79816274,51405,44245
5-Aug-22,1349802,43094,11350551,0,2104,13113903,79918061,76484,62995
6-Aug-22,1344534,43094,11352161,0,1610,13083152,80042936,19807,23366
7-Aug-22,1337327,43094,11353543,0,1382,13069897,80152168,5742,10706
8-Aug-22,1329810,43094,11355249,0,1706,13057936,80264588,54549,62873
9-Aug-22,1322631,43094,11357590,0,2341,13037407,80371334,74878,91709
10-Aug-22,1319370,43095,11359601,1,2011,13035950,80400616,80641,96828
11-Aug-22,1315589,43095,11362238,0,2637,13033595,80423101,67819,91077
12-Aug-22,1311883,43096,11364430,1,2192,13014371,80516526,59179,85870
13-Aug-22,1308512,43097,11366246,1,1816,13002086,80611014,15216,22159
14-Aug-22,1304007,43098,11367674,1,1428,12986032,80706120,12386,15531
15-Aug-22,1296445,43098,11369369,0,1695,12970749,80798812,69844,99346
16-Aug-22,1294213,43100,11372353,2,2984,12958664,80894658,79959,114675
17-Aug-22,1291726,43103,11375167,3,2814,12957856,80927814,74311,96367
18-Aug-22,1286145,43103,11378463,0,3296,12957332,80951452,77197,100044
19-Aug-22,1282154,43103,11381447,0,2984,12952822,81032324,63617,93922
20-Aug-22,1278462,43104,11384151,1,2704,12942392,81141479,15033,16602
21-Aug-22,1270150,43105,11385712,1,1561,12934864,81233408,8842,10952
22-Aug-22,1264179,43106,11387966,1,2254,12934571,81256730,50569,67177
23-Aug-22,1258008,43106,11391162,0,3196,12934802,81271342,60062,69737
24-Aug-22,1247470,43108,11394758,2,3596,12936728,81285976,61261,80337
25-Aug-22,1238064,43110,11398101,2,3343,12936683,81298567,55325,73054
26-Aug-22,1231922,43110,11401297,0,3196,12940378,81345074,62389,76000
27-Aug-22,1220179,43111,11403494,1,2197,12936169,81400109,16863,15959
28-Aug-22,1211965,43112,11405199,1,1705,12919798,81476360,10852,11167
29-Aug-22,1207366,43113,11407608,1,2409,12900998,81561483,54302,61188
30-Aug-22,1197462,43117,11410850,4,3242,12888367,81632685,83955,96431
31-Aug-22,1191700,43117,11413577,0,2727,12885522,81664644,61698,62718
1-Sep-22,1185353,43117,11416257,0,2680,12883724,81687823,3688,4345
2-Sep-22,1178814,43118,11417806,1,1549,12877572,81743591,1384,1378
3-Sep-22,1171110,43119,11419402,1,1596,12868031,81809844,1770,1581
4-Sep-22,1166109,43120,11420792,1,1390,12853162,81872682,1892,1831
5-Sep-22,1147285,43122,11422688,2,1896,12839965,81928704,6571,8004
6-Sep-22,1145560,43123,11426654,1,3966,12829706,81982814,12666,22178
7-Sep-22,1134509,43125,11430532,2,3878,12828339,81999929,19231,46372
8-Sep-22,1129202,43126,11433729,1,3197,12823771,82015054,22337,45891
9-Sep-22,1115271,43126,11437374,0,3645,12817654,82056552,25350,41665
10-Sep-22,1109603,43126,11439872,0,2498,12808045,82098909,7225,10032
11-Sep-22,1076383,43129,11441515,3,1643,12796644,82141048,4364,7864
12-Sep-22,1063261,43130,11443528,1,2013,12787304,82190506,13861,19648
13-Sep-22,1055394,43132,11446830,2,3302,12775981,82232484,20344,30518
14-Sep-22,1013176,43132,11449940,0,3110,12770280,82248470,18633,31718
15-Sep-22,960954,43137,11452904,5,2964,12768555,82260365,14728,27623
16-Sep-22,904112,43137,11455985,0,3081,12763079,82290095,16896,30978
17-Sep-22,836936,43138,11458464,1,2479,12754746,82319269,5408,7372
18-Sep-22,838187,43139,11460355,1,1891,12748850,82348119,3612,7821
19-Sep-22,839404,43141,11462133,2,1778,12742648,82376087,8607,14795
20-Sep-22,841147,43142,11465311,1,3178,12742037,82394787,10214,18403
21-Sep-22,841765,43146,11467599,4,2288,12740719,82403111,9035,17030
22-Sep-22,842434,43146,11469527,0,1928,12739276,82410342,9820,19264
23-Sep-22,843660,43146,11472072,0,2545,12738731,82429172,9393,21722
24-Sep-22,843906,43146,11473248,0,1176,12736819,82448044,2760,7043
25-Sep-22,844202,43146,11474209,0,961,12734994,82465222,1777,7379
26-Sep-22,844937,43146,11475644,0,1435,12731787,82493601,3164,8960
27-Sep-22,845294,43147,11477229,1,1585,12730508,82527806,3877,10564
28-Sep-22,845852,43147,11478816,0,1587,12730116,82529411,3435,11210
29-Sep-22,845729,43148,11479794,1,978,12725693,82546451,2791,7688
30-Sep-22,846252,43148,11481265,0,1471,12721994,82566599,1728,5482
1-Oct-22,846195,43149,11481936,1,671,12718021,82595967,162,161
2-Oct-22,846366,43149,11482426,0,490,12711773,82626890,18,225
3-Oct-22,846892,43149,11483222,0,796,12708638,82661383,54,64
4-Oct-22,847106,43151,11484243,2,1021,12698842,82693761,51,137
5-Oct-22,847442,43151,11485437,0,1194,12696347,82705744,131,438
6-Oct-22,848057,43151,11486567,0,1130,12694927,82715266,123,298
7-Oct-22,848321,43152,11487269,1,702,12688267,82739795,495,1219
8-Oct-22,848611,43153,11487951,1,682,12680729,82767709,424,1019
9-Oct-22,848833,43153,11488322,0,371,12672716,82793440,197,580
10-Oct-22,849705,43153,11489367,0,1045,12668665,82810458,920,2773
11-Oct-22,850305,43154,11490595,1,1228,12663121,82832761,2283,5587
12-Oct-22,851093,43155,11491790,1,1195,12660935,82840474,2891,8453
13-Oct-22,851752,43155,11492860,0,1070,12659553,82847965,3357,9794
14-Oct-22,851850,43155,11493449,0,589,12654306,82868361,3499,10675
15-Oct-22,852293,43155,11494181,0,732,12649869,82888456,814,2589
16-Oct-22,852377,43155,11494506,0,325,12645903,82905935,598,1673
17-Oct-22,852822,43157,11495180,2,674,12641812,82922970,2598,7285
18-Oct-22,853085,43158,11495803,1,623,12638683,82939318,3238,9692
19-Oct-22,854055,43159,11497139,1,1336,12638902,82945214,2714,8909
20-Oct-22,854297,43159,11497680,0,541,12637420,82950664,1902,4837
21-Oct-22,854523,43159,11498262,0,582,12632560,82965771,2819,6721
22-Oct-22,854721,43159,11498737,0,475,12618354,82992067,1141,1791
23-Oct-22,854771,43159,11498895,0,158,12609261,83014255,551,1822
24-Oct-22,855191,43161,11499441,2,546,12602137,83035370,1254,3634
25-Oct-22,855259,43161,11499955,0,514,12597036,83051509,1370,6028
26-Oct-22,855684,43162,11500781,1,826,12596698,83056385,1337,4981
27-Oct-22,855844,43162,11501265,0,484,12595418,83060999,1497,4422
28-Oct-22,856198,43162,11501906,0,641,12594357,83075771,1552,4948
29-Oct-22,856171,43163,11502170,1,264,12586938,83096527,394,1163
30-Oct-22,856316,43163,11502475,0,305,12580311,83122603,610,2532
31-Oct-22,856510,43163,11502885,0,410,12569216,83152277,711,1931
1-Nov-22,856573,43164,11503335,1,450,12550093,83193437,694,1995
2-Nov-22,856984,43165,11504091,1,756,12546377,83205730,659,2041
3-Nov-22,857559,43165,11504910,0,819,12544355,83211831,784,2337
4-Nov-22,857703,43165,11505249,0,339,12527683,83250436,881,2713
5-Nov-22,857852,43165,11505608,0,359,12501809,83306108,325,867
6-Nov-22,858020,43166,11505849,1,241,12463986,83375904,238,694
7-Nov-22,858267,43166,11506214,0,365,12432492,83439075,508,1628
8-Nov-22,858482,43166,11506656,0,442,12412582,83486866,538,1769
9-Nov-22,858643,43166,11507124,0,468,12408058,83499873,3098,8402
10-Nov-22,858906,43166,11507540,0,416,12403873,83512002,10828,23142
11-Nov-22,859335,43166,11508170,0,630,12382941,83560815,16863,35075
12-Nov-22,859414,43166,11508447,0,277,12353934,83627680,3680,8827
13-Nov-22,859586,43166,11508689,0,242,12326693,83696186,1175,2586
14-Nov-22,859724,43166,11508893,0,204,12305058,83748517,14206,34481
15-Nov-22,860151,43166,11509473,0,580,12291390,83791626,21434,57412
16-Nov-22,860509,43167,11509975,1,502,12287360,83804132,24920,67152
17-Nov-22,860857,43167,11510484,0,509,12284200,83818781,22190,57520
18-Nov-22,861118,43168,11510919,1,435,12273754,83851285,14456,33547
19-Nov-22,861263,43169,11511178,1,259,12258604,83890325,1959,5054
20-Nov-22,861382,43169,11511452,0,274,12246730,83919758,1606,3974
21-Nov-22,861639,43169,11511822,0,370,12239831,83940337,11189,29792
22-Nov-22,861803,43169,11512138,0,316,12231232,83962817,23867,64545
23-Nov-22,862170,43169,11512684,0,546,12228701,83969301,24644,58579
24-Nov-22,862321,43170,11513173,1,489,12227172,83974038,16905,38327
25-Nov-22,862726,43170,11513747,0,574,12220023,83994422,11975,28077
26-Nov-22,862945,43170,11514174,0,427,12202211,84022855,2985,6385
27-Nov-22,863250,43170,11514532,0,358,12178734,84059474,1496,3952
28-Nov-22,863482,43170,11514865,0,333,12147607,84102287,5518,13971
29-Nov-22,863909,43172,11515423,2,558,12120362,84142442,8123,19738
30-Nov-22,864245,43175,11515908,3,485,12115698,84152102,7516,15836
1-Dec-22,864736,43176,11516489,1,581,12112828,84157392,3117,6645
2-Dec-22,865226,43176,11517124,0,635,12095955,84187587,3480,12082
3-Dec-22,865512,43177,11517518,1,394,12072732,84224672,870,2320
4-Dec-22,865623,43177,11517722,0,204,12048038,84267225,211,1324
5-Dec-22,865984,43177,11518149,0,427,12027073,84305316,1628,8789
6-Dec-22,866194,43178,11518511,1,362,12007883,84347330,2669,25342
7-Dec-22,866576,43178,11519011,0,500,12004365,84357383,3040,30759
8-Dec-22,866993,43178,11519541,0,530,12001773,84364683,3353,38313
9-Dec-22,867386,43178,11520037,0,496,11989306,84395308,4946,35860
10-Dec-22,867694,43178,11520445,0,408,,,690,5247
11-Dec-22,867840,43178,11520639,0,194,,,293,2089
12-Dec-22,868167,43178,11521022,0,383,,,1790,16418
13-Dec-22,868426,43179,11521388,1,366,,,2381,25265
14-Dec-22,868617,43179,11521708,0,320,,,3297,26359
15-Dec-22,868884,43179,11522098,0,390,,,3381,21834
16-Dec-22,869130,43179,11522431,0,333,,,3601,20415
17-Dec-22,869354,43179,11522750,0,319,,,524,2182
18-Dec-22,869482,43179,11522927,0,177,,,183,1155
19-Dec-22,869693,43180,11523163,1,236,,,1668,7653
20-Dec-22,869838,43180,11523367,0,204,,,,
21-Dec-22,869905,43181,11523567,1,200,,,,
22-Dec-22,870026,43182,11523781,1,214,,,,
23-Dec-22,870219,43184,11524095,2,314,,,,
24-Dec-22,870255,43184,11524202,0,107,,,,
25-Dec-22,870285,43184,11524273,0,71,,,,
26-Dec-22,870421,43184,11524436,0,163,,,,
27-Dec-22,870546,43184,11524647,0,211,,,,
28-Dec-22,870536,43184,11524779,0,132,,,,
29-Dec-22,870715,43184,11525013,0,234,,,,
30-Dec-22,870776,43186,11525145,2,132,,,,
31-Dec-22,870770,43186,11525231,0,86,,,,
1-Jan-23,870776,43186,11525284,0,53,,,,
2-Jan-23,870826,43186,11525337,0,53,,,,
3-Jan-23,870884,43186,11525408,0,71,,,,
4-Jan-23,870916,43186,11525491,0,83,,,,
5-Jan-23,870962,43186,11525571,0,80,,,,
6-Jan-23,871003,43186,11525647,0,76,,,,
7-Jan-23,871031,43186,11525711,0,64,,,,
8-Jan-23,871069,43186,11525763,0,52,,,,
9-Jan-23,871137,43186,11525834,0,71,,,,
10-Jan-23,871178,43186,11525911,0,77,,,,
11-Jan-23,871188,43186,11525946,0,35,,,,
12-Jan-23,871198,43186,11526034,0,88,,,,
13-Jan-23,870854,43186,11526089,0,55,,,,
14-Jan-23,870843,43186,11526118,0,29,,,,
15-Jan-23,870849,43186,11526140,0,22,,,,
16-Jan-23,870864,43186,11526167,0,27,,,,
17-Jan-23,870881,43186,11526213,0,46,,,,
18-Jan-23,870848,43186,11526254,0,41,,,,
19-Jan-23,870737,43186,11526284,0,30,,,,
20-Jan-23,870723,43186,11526301,0,17,,,,
21-Jan-23,870732,43186,11526318,0,17,,,,
22-Jan-23,870734,43186,11526329,0,11,,,,
23-Jan-23,870736,43186,11526332,0,3,,,,
24-Jan-23,870740,43186,11526339,0,7,,,,
25-Jan-23,870748,43186,11526348,0,9,,,,
26-Jan-23,870753,43186,11526365,0,17,,,,
27-Jan-23,870758,43186,11526377,0,12,,,,
28-Jan-23,870771,43186,11526395,0,18,,,,
29-Jan-23,870778,43186,11526408,0,13,,,,
30-Jan-23,870828,43186,11526461,0,53,,,,
31-Jan-23,870849,43186,11526497,0,36,,,,
1-Feb-23,870843,43186,11526508,0,11,,,,
2-Feb-23,870142,43186,11526522,0,14,,,,
3-Feb-23,870158,43186,11526543,0,21,,,,
4-Feb-23,868792,43186,11526559,0,16,,,,
5-Feb-23,868794,43186,11526566,0,7,,,,
6-Feb-23,868800,43186,11526577,0,11,,,,
7-Feb-23,868812,43186,11526591,0,14,,,,
8-Feb-23,868826,43186,11526610,0,19,,,,
9-Feb-23,868797,43186,11526627,0,17,,,,
10-Feb-23,868800,43186,11526640,0,13,,,,
11-Feb-23,868805,43186,11526651,0,11,,,,
12-Feb-23,868835,43186,11526692,0,41,,,,
13-Feb-23,868839,43186,11526704,0,12,,,,
14-Feb-23,868858,43186,11526754,0,50,,,,
15-Feb-23,868875,43186,11526773,0,19,,,,
16-Feb-23,868884,43186,11526786,0,13,,,,
17-Feb-23,868897,43186,11526799,0,13,,,,
18-Feb-23,868899,43186,11526806,0,7,,,,
19-Feb-23,868902,43186,11526810,0,4,,,,
20-Feb-23,868917,43186,11526825,0,15,,,,
21-Feb-23,868920,43186,11526834,0,9,,,,
22-Feb-23,868937,43186,11526858,0,24,,,,
23-Feb-23,868944,43186,11526870,0,12,,,,
24-Feb-23,868940,43186,11526881,0,11,,,,
25-Feb-23,868946,43186,11526891,0,10,,,,
26-Feb-23,868955,43186,11526901,0,10,,,,
27-Feb-23,868956,43186,11526905,0,4,,,,
28-Feb-23,868962,43186,11526917,0,12,,,,
1-Mar-23,868963,43186,11526926,0,9,,,,
2-Mar-23,868968,43186,11526937,0,11,,,,
3-Mar-23,868976,43186,11526950,0,13,,,,
4-Mar-23,868988,43186,11526962,0,12,,,,
5-Mar-23,868990,43186,11526966,0,4,,,,
6-Mar-23,868990,43186,11526966,0,0,,,,
7-Mar-23,868998,43186,11526986,0,20,,,,
8-Mar-23,869001,43186,11526994,0,8,,,,
9-Mar-23,869017,43186,11527012,0,18,,,,
10-Mar-23,869025,43186,11527026,0,14,,,,
11-Mar-23,869030,43186,11527033,0,7,,,,
12-Mar-23,869033,43186,11527037,0,4,,,,
13-Mar-23,869041,43186,11527046,0,9,,,,
14-Mar-23,869045,43186,11527054,0,8,,,,
15-Mar-23,869064,43186,11527079,0,25,,,,
16-Mar-23,869078,43186,11527099,0,20,,,,
17-Mar-23,869083,43186,11527110,0,11,,,,
18-Mar-23,869083,43186,11527116,0,6,,,,
19-Mar-23,869096,43186,11527139,0,23,,,,
20-Mar-23,869103,43186,11527146,0,7,,,,
21-Mar-23,869110,43186,11527157,0,11,,,,
22-Mar-23,869114,43186,11527175,0,18,,,,
23-Mar-23,869115,43186,11527187,0,12,,,,
24-Mar-23,869113,43186,11527195,0,8,,,,
25-Mar-23,869118,43186,11527203,0,8,,,,
26-Mar-23,869125,43186,11527210,0,7,,,,
27-Mar-23,869091,43186,11527220,0,10,,,,
28-Mar-23,869104,43186,11527236,0,16,,,,
29-Mar-23,869118,43186,11527255,0,19,,,,
30-Mar-23,869143,43186,11527285,0,30,,,,
31-Mar-23,869149,43186,11527301,0,16,,,,
1-Apr-23,869153,43186,11527316,0,15,,,,
2-Apr-23,869152,43186,11527326,0,10,,,,
3-Apr-23,869192,43186,11527366,0,40,,,,
4-Apr-23,869226,43186,11527403,0,37,,,,
5-Apr-23,869254,43186,11527454,0,51,,,,
6-Apr-23,869283,43186,11527497,0,43,,,,
7-Apr-23,869361,43186,11527579,0,82,,,,
8-Apr-23,869462,43186,11527701,0,122,,,,
9-Apr-23,869480,43186,11527745,0,44,,,,
10-Apr-23,869575,43186,11527859,0,114,,,,
11-Apr-23,869722,43186,11528042,0,183,,,,
12-Apr-23,869937,43186,11528303,0,261,,,,
13-Apr-23,870397,43186,11528800,0,497,,,,
14-Apr-23,871074,43186,11529581,0,781,,,,
15-Apr-23,871827,43186,11530356,0,775,,,,
16-Apr-23,872493,43186,11531072,0,716,,,,
17-Apr-23,873522,43186,11532103,0,1031,,,,
18-Apr-23,874906,43186,11533625,0,1522,,,,
19-Apr-23,876859,43186,11535787,0,2162,,,,
20-Apr-23,879075,43186,11538248,0,2461,,,,
21-Apr-23,881343,43186,11540722,0,2474,,,,
22-Apr-23,883147,43187,11543059,1,2337,,,,
23-Apr-23,884498,43187,11544777,0,1718,,,,
24-Apr-23,886179,43187,11546685,0,1908,,,,
25-Apr-23,887860,43188,11549186,1,2501,,,,
26-Apr-23,889978,43188,11551917,0,2731,,,,
27-Apr-23,891874,43188,11554875,0,2958,,,,
28-Apr-23,894205,43188,11557969,0,3094,,,,
29-Apr-23,895201,43188,11559862,0,1893,,,,
30-Apr-23,896530,43191,11561848,3,1986,,,,
1-May-23,897156,43191,11563091,0,1243,,,,
2-May-23,897607,43195,11564293,4,1202,,,,
3-May-23,898268,43195,11565495,0,1202,,,,
4-May-23,899692,43195,11567728,0,2233,,,,
5-May-23,902093,43196,11571127,1,3399,,,,
6-May-23,904211,43196,11573931,0,2804,,,,
7-May-23,905425,43196,11575883,0,1952,,,,
8-May-23,907005,43197,11577938,1,2055,,,,
9-May-23,908185,43197,11580060,0,2122,,,,
10-May-23,910034,43198,11582567,1,2507,,,,
11-May-23,911930,43200,11585390,2,2823,,,,
12-May-23,913404,43201,11587829,1,2439,,,,
13-May-23,914317,43201,11589567,0,1738,,,,
14-May-23,915082,43201,11590617,0,1050,,,,
15-May-23,916827,43201,11592604,0,1987,,,,
16-May-23,918567,43201,11594619,0,2015,,,,
17-May-23,919757,43201,11596662,0,2043,,,,
18-May-23,921215,43201,11598589,0,1927,,,,
19-May-23,922753,43201,11600569,0,1980,,,,
20-May-23,923640,43202,11601759,1,1190,,,,
21-May-23,924470,43203,11602738,1,979,,,,
22-May-23,925387,43204,11603960,1,1222,,,,
23-May-23,926281,43205,11605398,1,1438,,,,
24-May-23,926840,43205,11606479,0,1081,,,,
25-May-23,927575,43206,11607654,1,1175,,,,
26-May-23,928353,43206,11608697,0,1043,,,,
27-May-23,928995,43206,11609537,0,840,,,,
28-May-23,929149,43206,11609878,0,341,,,,
29-May-23,929864,43206,11610724,0,846,,,,
30-May-23,930243,43206,11611376,0,652,,,,
31-May-23,931234,43206,11612608,0,1232,,,,
1-Jun-23,931983,43206,11613559,0,951,,,,
2-Jun-23,932548,43206,11614303,0,744,,,,
3-Jun-23,932614,43206,11614583,0,280,,,,
4-Jun-23,933034,43206,11615051,0,468,,,,
5-Jun-23,933297,43206,11615377,0,326,,,,
6-Jun-23,933943,43206,11616127,0,750,,,,
7-Jun-23,934421,43206,11616702,0,575,,,,
8-Jun-23,934834,43206,11617220,0,518,,,,
9-Jun-23,935021,43206,11617497,0,277,,,,
10-Jun-23,935154,43206,11617699,0,202,,,,
11-Jun-23,935200,43206,11617814,0,115,,,,
12-Jun-23,935332,43206,11617985,0,171,,,,
13-Jun-23,935477,43206,11618184,0,199,,,,
14-Jun-23,935575,43206,11618422,0,238,,,,
15-Jun-23,935877,43206,11618751,0,329,,,,
16-Jun-23,936092,43206,11619016,0,265,,,,
17-Jun-23,936288,43206,11619267,0,251,,,,
18-Jun-23,936311,43206,11619322,0,55,,,,
19-Jun-23,936426,43206,11619451,0,129,,,,
20-Jun-23,936525,43206,11619588,0,137,,,,
21-Jun-23,936617,43206,11619703,0,115,,,,
22-Jun-23,936713,43206,11619843,0,140,,,,
23-Jun-23,936822,43206,11619990,0,147,,,,
24-Jun-23,936871,43206,11620047,0,57,,,,
25-Jun-23,936897,43206,11620076,0,29,,,,
26-Jun-23,936997,43206,11620189,0,113,,,,
27-Jun-23,937035,43206,11620264,0,75,,,,
28-Jun-23,937134,43206,11620389,0,125,,,,
29-Jun-23,937211,43206,11620482,0,93,,,,
30-Jun-23,937280,43206,11620561,0,79,,,,
1-Jul-23,937296,43206,11620596,0,35,,,,
2-Jul-23,937315,43206,11620623,0,27,,,,
3-Jul-23,937398,43206,11620708,0,85,,,,
4-Jul-23,937441,43206,11620769,0,61,,,,
5-Jul-23,937489,43206,11620833,0,64,,,,
6-Jul-23,937535,43206,11620890,0,57,,,,
7-Jul-23,937577,43206,11620947,0,57,,,,
8-Jul-23,937648,43206,11621033,0,86,,,,
9-Jul-23,937657,43206,11621057,0,24,,,,
10-Jul-23,937693,43206,11621096,0,39,,,,
11-Jul-23,937735,43206,11621143,0,47,,,,
12-Jul-23,937771,43206,11621192,0,49,,,,
13-Jul-23,937796,43206,11621228,0,36,,,,
14-Jul-23,937851,43206,11621288,0,60,,,,
15-Jul-23,937876,43206,11621320,0,32,,,,
16-Jul-23,937898,43206,11621347,0,27,,,,
17-Jul-23,937937,43206,11621397,0,50,,,,
18-Jul-23,937955,43206,11621426,0,29,,,,
19-Jul-23,938012,43206,11621489,0,63,,,,
20-Jul-23,938033,43206,11621522,0,33,,,,
21-Jul-23,938063,43206,11621558,0,36,,,,
22-Jul-23,938094,43206,11621599,0,41,,,,
23-Jul-23,938118,43206,11621626,0,27,,,,
24-Jul-23,938171,43206,11621681,0,55,,,,
25-Jul-23,938194,43206,11621708,0,27,,,,
26-Jul-23,938211,43206,11621728,0,20,,,,
27-Jul-23,938228,43206,11621752,0,24,,,,
28-Jul-23,938261,43206,11621789,0,37,,,,
29-Jul-23,938270,43206,11621798,0,9,,,,
30-Jul-23,938276,43206,11621812,0,14,,,,
31-Jul-23,938303,43206,11621840,0,28,,,,
1-Aug-23,938342,43206,11621883,0,43,,,,
2-Aug-23,938358,43206,11621909,0,26,,,,
3-Aug-23,938381,43206,11621934,0,25,,,,
4-Aug-23,938409,43206,11621965,0,31,,,,
5-Aug-23,938415,43206,11621978,0,13,,,,
6-Aug-23,938415,43206,11621978,0,0,,,,
7-Aug-23,938457,43206,11622021,0,43,,,,
8-Aug-23,938480,43206,11622053,0,32,,,,
9-Aug-23,938514,43206,11622092,0,39,,,,
10-Aug-23,938535,43206,11622119,0,27,,,,
11-Aug-23,938591,43206,11622178,0,59,,,,
12-Aug-23,938612,43206,11622204,0,26,,,,
13-Aug-23,938625,43206,11622218,0,14,,,,
14-Aug-23,938644,43206,11622238,0,20,,,,
15-Aug-23,938678,43206,11622276,0,38,,,,
16-Aug-23,938726,43206,11622327,0,51,,,,
17-Aug-23,938760,43206,11622366,0,39,,,,
18-Aug-23,938770,43206,11622383,0,17,,,,
19-Aug-23,938776,43206,11622404,0,21,,,,
20-Aug-23,938786,43206,11622419,0,15,,,,
21-Aug-23,938829,43206,11622463,0,44,,,,
22-Aug-23,938869,43206,11622514,0,51,,,,
23-Aug-23,938915,43206,11622564,0,50,,,,
24-Aug-23,938929,43206,11622587,0,23,,,,
25-Aug-23,938993,43206,11622660,0,73,,,,
26-Aug-23,939004,43206,11622683,0,23,,,,
27-Aug-23,939014,43206,11622697,0,14,,,,
28-Aug-23,939045,43206,11622730,0,33,,,,
29-Aug-23,939066,43206,11622769,0,39,,,,
30-Aug-23,939098,43206,11622820,0,51,,,,
31-Aug-23,939118,43206,11622858,0,38,,,,
1-Sep-23,939147,43206,11622900,0,42,,,,
2-Sep-23,939155,43206,11622912,0,12,,,,
3-Sep-23,939163,43206,11622924,0,12,,,,
4-Sep-23,939179,43206,11622943,0,19,,,,
5-Sep-23,939207,43206,11622975,0,32,,,,
6-Sep-23,939223,43206,11623024,0,49,,,,
7-Sep-23,939238,43206,11623056,0,32,,,,
8-Sep-23,939294,43206,11623119,0,63,,,,
9-Sep-23,939352,43206,11623182,0,63,,,,
10-Sep-23,939345,43206,11623187,0,5,,,,
11-Sep-23,939370,43206,11623216,0,29,,,,
12-Sep-23,939410,43206,11623259,0,43,,,,
13-Sep-23,939419,43206,11623288,0,29,,,,
14-Sep-23,939449,43206,11623318,0,30,,,,
15-Sep-23,939477,43206,11623357,0,39,,,,
16-Sep-23,939481,43206,11623372,0,15,,,,
17-Sep-23,939487,43206,11623393,0,21,,,,
18-Sep-23,939510,43206,11623420,0,27,,,,
19-Sep-23,939544,43206,11623461,0,41,,,,
20-Sep-23,939553,43206,11623485,0,24,,,,
21-Sep-23,939571,43206,11623513,0,28,,,,
22-Sep-23,939613,43206,11623560,0,47,,,,
23-Sep-23,939611,43206,11623577,0,17,,,,
24-Sep-23,939611,43206,11623577,0,0,,,,
25-Sep-23,939634,43206,11623605,0,28,,,,
26-Sep-23,939658,43206,11623631,0,26,,,,
27-Sep-23,939666,43206,11623649,0,18,,,,
28-Sep-23,939678,43206,11623667,0,18,,,,
29-Sep-23,939695,43206,11623688,0,21,,,,
30-Sep-23,939683,43206,11623698,0,10,,,,
1-Oct-23,939686,43206,11623707,0,9,,,,
2-Oct-23,939698,43206,11623724,0,17,,,,
3-Oct-23,939713,43206,11623747,0,23,,,,
4-Oct-23,939724,43206,11623774,0,27,,,,
5-Oct-23,939745,43206,11623802,0,28,,,,
6-Oct-23,939771,43206,11623834,0,32,,,,
7-Oct-23,939777,43206,11623845,0,11,,,,
8-Oct-23,939777,43206,11623845,0,0,,,,
9-Oct-23,939778,43206,11623858,0,13,,,,
10-Oct-23,939813,43206,11623894,0,36,,,,
11-Oct-23,939815,43206,11623911,0,17,,,,
12-Oct-23,939836,43206,11623938,0,27,,,,
13-Oct-23,939869,43206,11623976,0,38,,,,
14-Oct-23,939879,43206,11623987,0,11,,,,
15-Oct-23,939877,43206,11624000,0,13,,,,
16-Oct-23,939902,43206,11624025,0,25,,,,
17-Oct-23,939910,43206,11624041,0,16,,,,
18-Oct-23,939907,43206,11624054,0,13,,,,
19-Oct-23,939907,43206,11624054,0,0,,,,
20-Oct-23,939901,43206,11624072,0,18,,,,
21-Oct-23,939903,43206,11624080,0,8,,,,
22-Oct-23,939903,43206,11624080,0,0,,,,
23-Oct-23,939907,43206,11624084,0,4,,,,
24-Oct-23,939912,43206,11624089,0,5,,,,
25-Oct-23,939918,43206,11624095,0,6,,,,
26-Oct-23,939919,43206,11624096,0,1,,,,
27-Oct-23,939923,43206,11624100,0,4,,,,
28-Oct-23,939923,43206,11624100,0,0,,,,
29-Oct-23,939923,43206,11624100,0,0,,,,
30-Oct-23,939928,43206,11624105,0,5,,,,
31-Oct-23,939937,43206,11624114,0,9,,,,
1-Nov-23,939937,43206,11624114,0,0,,,,
2-Nov-23,939937,43206,11624114,0,0,,,,
3-Nov-23,939937,43206,11624114,0,0,,,,
4-Nov-23,939937,43206,11624114,0,0,,,,
5-Nov-23,939937,43206,11624114,0,0,,,,
6-Nov-23,939937,43206,11624114,0,0,,,,
7-Nov-23,939937,43206,11624114,0,0,,,,
8-Nov-23,939937,43206,11624114,0,0,,,,
9-Nov-23,939937,43206,11624114,0,0,,,,
10-Nov-23,939937,43206,11624114,0,0,,,,
11-Nov-23,939937,43206,11624114,0,0,,,,
12-Nov-23,939937,43206,11624114,0,0,,,,
13-Nov-23,939937,43206,11624114,0,0,,,,
14-Nov-23,939937,43206,11624114,0,0,,,,
15-Nov-23,939937,43206,11624114,0,0,,,,
16-Nov-23,939937,43206,11624114,0,0,,,,
17-Nov-23,939937,43206,11624114,0,0,,,,
18-Nov-23,939937,43206,11624114,0,0,,,,
19-Nov-23,939937,43206,11624114,0,0,,,,
20-Nov-23,939937,43206,11624114,0,0,,,,
21-Nov-23,939937,43206,11624114,0,0,,,,
22-Nov-23,939937,43206,11624114,0,0,,,,
23-Nov-23,939937,43206,11624114,0,0,,,,
24-Nov-23,939937,43206,11624114,0,0,,,,
25-Nov-23,939937,43206,11624114,0,0,,,,
26-Nov-23,939937,43206,11624114,0,0,,,,
27-Nov-23,939937,43206,11624114,0,0,,,,
28-Nov-23,939937,43206,11624114,0,0,,,,
29-Nov-23,939937,43206,11624114,0,0,,,,
30-Nov-23,939937,43206,11624114,0,0,,,,
1-Dec-23,939937,43206,11624114,0,0,,,,
2-Dec-23,939937,43206,11624114,0,0,,,,
3-Dec-23,939937,43206,11624114,0,0,,,,
4-Dec-23,939937,43206,11624114,0,0,,,,
5-Dec-23,939937,43206,11624114,0,0,,,,
6-Dec-23,939937,43206,11624114,0,0,,,,
7-Dec-23,939937,43206,11624114,0,0,,,,
8-Dec-23,939937,43206,11624114,0,0,,,,
9-Dec-23,939937,43206,11624114,0,0,,,,
10-Dec-23,939937,43206,11624114,0,0,,,,
11-Dec-23,939937,43206,11624114,0,0,,,,
12-Dec-23,939937,43206,11624114,0,0,,,,
13-Dec-23,939937,43206,11624114,0,0,,,,
14-Dec-23,939937,43206,11624114,0,0,,,,
15-Dec-23,939937,43206,11624114,0,0,,,,
16-Dec-23,939937,43206,11624114,0,0,,,,
17-Dec-23,939937,43206,11624114,0,0,,,,
18-Dec-23,939937,43206,11624114,0,0,,,,
19-Dec-23,939937,43206,11624114,0,0,,,,
20-Dec-23,939937,43206,11624114,0,0,,,,
21-Dec-23,939937,43206,11624114,0,0,,,,
22-Dec-23,939937,43206,11624114,0,0,,,,
23-Dec-23,939937,43206,11624114,0,0,,,,
24-Dec-23,939937,43206,11624114,0,0,,,,
25-Dec-23,939937,43206,11624114,0,0,,,,
26-Dec-23,939937,43206,11624114,0,0,,,,
27-Dec-23,939937,43206,11624114,0,0,,,,
28-Dec-23,939937,43206,11624114,0,0,,,,
29-Dec-23,939937,43206,11624114,0,0,,,,
30-Dec-23,939937,43206,11624114,0,0,,,,
31-Dec-23,939937,43206,11624114,0,0,,,,
1-Jan-24,940599,43206,11624776,0,662,,,,
2-Jan-24,940599,43206,11624776,0,0,,,,
3-Jan-24,940599,43206,11624776,0,0,,,,
4-Jan-24,940599,43206,11624776,0,0,,,,
5-Jan-24,940599,43206,11624776,0,0,,,,
6-Jan-24,940599,43206,11624776,0,0,,,,
7-Jan-24,940599,43206,11624776,0,0,,,,
8-Jan-24,940599,43206,11624776,0,0,,,,
9-Jan-24,940599,43206,11624776,0,0,,,,
10-Jan-24,940599,43206,11624776,0,0,,,,
11-Jan-24,940599,43206,11624776,0,0,,,,
12-Jan-24,940599,43206,11624776,0,0,,,,
13-Jan-24,940599,43206,11624776,0,0,,,,
14-Jan-24,940599,43206,11624776,0,0,,,,
15-Jan-24,941018,43206,11625195,0,419,,,,
16-Jan-24,941018,43206,11625195,0,0,,,,
17-Jan-24,941018,43206,11625195,0,0,,,,
18-Jan-24,941018,43206,11625195,0,0,,,,
19-Jan-24,941018,43206,11625195,0,0,,,,
20-Jan-24,941018,43206,11625195,0,0,,,,
21-Jan-24,941018,43206,11625195,0,0,,,,
22-Jan-24,941018,43206,11625195,0,0,,,,
23-Jan-24,941018,43206,11625195,0,0,,,,
24-Jan-24,941018,43206,11625195,0,0,,,,
25-Jan-24,941018,43206,11625195,0,0,,,,
26-Jan-24,941018,43206,11625195,0,0,,,,
27-Jan-24,941018,43206,11625195,0,0,,,,
28-Jan-24,941018,43206,11625195,0,0,,,,
29-Jan-24,941018,43206,11625195,0,0,,,,
30-Jan-24,941018,43206,11625195,0,0,,,,
31-Jan-24,941018,43206,11625195,0,0,,,,
1-Feb-24,941018,43206,11625195,0,0,,,,
2-Feb-24,941018,43206,11625195,0,0,,,,
3-Feb-24,941018,43206,11625195,0,0,,,,
4-Feb-24,941018,43206,11625195,0,0,,,,
5-Feb-24,941018,43206,11625195,0,0,,,,
6-Feb-24,941018,43206,11625195,0,0,,,,
7-Feb-24,941018,43206,11625195,0,0,,,,
8-Feb-24,941018,43206,11625195,0,0,,,,
9-Feb-24,941018,43206,11625195,0,0,,,,
10-Feb-24,941018,43206,11625195,0,0,,,,
11-Feb-24,941018,43206,11625195,0,0,,,,
12-Feb-24,941018,43206,11625195,0,0,,,,
13-Feb-24,941018,43206,11625195,0,0,,,,
14-Feb-24,941018,43206,11625195,0,0,,,,
15-Feb-24,941018,43206,11625195,0,0,,,,
16-Feb-24,941018,43206,11625195,0,0,,,,
17-Feb-24,941018,43206,11625195,0,0,,,,
18-Feb-24,941018,43206,11625195,0,0,,,,
19-Feb-24,941018,43206,11625195,0,0,,,,
20-Feb-24,941018,43206,11625195,0,0,,,,
21-Feb-24,941018,43206,11625195,0,0,,,,
22-Feb-24,941018,43206,11625195,0,0,,,,
23-Feb-24,941018,43206,11625195,0,0,,,,
24-Feb-24,941018,43206,11625195,0,0,,,,
25-Feb-24,941018,43206,11625195,0,0,,,,
26-Feb-24,941018,43206,11625195,0,0,,,,
27-Feb-24,941018,43206,11625195,0,0,,,,
28-Feb-24,941018,43206,11625195,0,0,,,,
29-Feb-24,941018,43206,11625195,0,0,,,,
1-Mar-24,941018,43206,11625195,0,0,,,,
2-Mar-24,941018,43206,11625195,0,0,,,,
3-Mar-24,941018,43206,11625195,0,0,,,,
4-Mar-24,941018,43206,11625195,0,0,,,,
5-Mar-24,941018,43206,11625195,0,0,,,,
6-Mar-24,941018,43206,11625195,0,0,,,,
7-Mar-24,941018,43206,11625195,0,0,,,,
8-Mar-24,941018,43206,11625195,0,0,,,,
9-Mar-24,941018,43206,11625195,0,0,,,,
10-Mar-24,941018,43206,11625195,0,0,,,,
11-Mar-24,941018,43206,11625195,0,0,,,,
12-Mar-24,941018,43206,11625195,0,0,,,,
13-Mar-24,941018,43206,11625195,0,0,,,,
14-Mar-24,941018,43206,11625195,0,0,,,,
15-Mar-24,941018,43206,11625195,0,0,,,,
16-Mar-24,941018,43206,11625195,0,0,,,,
17-Mar-24,941018,43206,11625195,0,0,,,,
18-Mar-24,941018,43206,11625195,0,0,,,,
19-Mar-24,941018,43206,11625195,0,0,,,,
20-Mar-24,941018,43206,11625195,0,0,,,,
21-Mar-24,941018,43206,11625195,0,0,,,,
22-Mar-24,941018,43206,11625195,0,0,,,,
23-Mar-24,941018,43206,11625195,0,0,,,,
24-Mar-24,941018,43206,11625195,0,0,,,,
25-Mar-24,941018,43206,11625195,0,0,,,,
26-Mar-24,941018,43206,11625195,0,0,,,,
27-Mar-24,941018,43206,11625195,0,0,,,,
28-Mar-24,941018,43206,11625195,0,0,,,,
29-Mar-24,941018,43206,11625195,0,0,,,,
30-Mar-24,941018,43206,11625195,0,0,,,,
31-Mar-24,941018,43206,11625195,0,0,,,,
1-Apr-24,941018,43206,11625195,0,0,,,,
2-Apr-24,941018,43206,11625195,0,0,,,,
3-Apr-24,941018,43206,11625195,0,0,,,,
4-Apr-24,941018,43206,11625195,0,0,,,,
5-Apr-24,941018,43206,11625195,0,0,,,,
6-Apr-24,941018,43206,11625195,0,0,,,,
7-Apr-24,941018,43206,11625195,0,0,,,,
8-Apr-24,941018,43206,11625195,0,0,,,,
9-Apr-24,941018,43206,11625195,0,0,,,,
10-Apr-24,941018,43206,11625195,0,0,,,,
11-Apr-24,941018,43206,11625195,0,0,,,,
12-Apr-24,941018,43206,11625195,0,0,,,,
